row_index,kepoi_name,kepid,target,test_fold
0,K00752.01,10797460,1,2
1,K00752.02,10797460,1,2
2,K00753.01,10811496,1,1
3,K00754.01,10848459,0,4
4,K00755.01,10854555,1,2
5,K00756.01,10872983,1,2
6,K00756.02,10872983,1,2
7,K00756.03,10872983,1,2
8,K00114.01,6721123,0,3
9,K00757.01,10910878,1,1
10,K00001.01,11446443,1,3
11,K00002.01,10666592,1,5
12,K00010.01,6922244,1,2
13,K00112.02,10984090,1,2
14,K00742.01,10419211,0,1
15,K00743.01,10464078,0,4
16,K00744.01,10480982,0,1
17,K00745.01,10485250,0,1
18,K00746.01,10526549,1,1
19,K00747.01,10583066,1,1
20,K00748.01,10583180,0,4
21,K00749.01,10601284,1,4
22,K00749.02,10601284,1,4
23,K00749.03,10601284,1,4
24,K00113.01,2306756,0,3
25,K00750.01,10662202,1,3
26,K00751.01,10682541,1,2
27,K00769.01,11460018,1,1
28,K00770.01,11463211,0,4
29,K00771.01,11465813,0,4
30,K00772.01,11493732,0,2
31,K00773.01,11507101,1,5
32,K00757.02,10910878,1,1
33,K00757.03,10910878,1,1
34,K00758.01,10987985,1,1
35,K00759.01,11018648,1,1
36,K00759.02,11018648,1,1
37,K00760.01,11138155,1,1
38,K00761.01,11152159,0,4
39,K00762.01,11153539,1,1
40,K00763.01,11242721,0,2
41,K00115.01,9579641,1,4
42,K00764.01,11304958,1,1
43,K00765.01,11391957,1,1
44,K00766.01,11403044,1,2
45,K00767.01,11414511,1,3
46,K00768.01,11442465,0,2
47,K00786.01,12110942,1,1
48,K00787.01,12366084,1,5
49,K00787.02,12366084,1,5
50,K00788.01,12404086,1,2
51,K00116.01,8395660,1,5
52,K00115.02,9579641,1,4
53,K00774.01,11656840,0,4
54,K00775.01,11754553,1,2
55,K00775.02,11754553,1,2
56,K00775.03,11754553,1,2
57,K00776.01,11812062,1,2
58,K00777.01,11818800,1,2
59,K00778.01,11853255,1,4
60,K00779.01,11909839,0,1
61,K00780.01,11918099,1,4
62,K00780.02,11918099,1,4
63,K00115.03,9579641,1,4
64,K00781.01,11923270,1,1
65,K00782.01,11960862,1,1
66,K00783.01,12020329,1,4
67,K00784.01,12066335,1,5
68,K00784.02,12066335,1,5
69,K00785.01,12070811,1,4
70,K00116.02,8395660,1,5
71,K00798.01,3120431,0,3
72,K00799.01,3246984,0,3
73,K00800.01,3342970,1,2
74,K00800.02,3342970,1,2
75,K00789.01,12459725,0,3
76,K00790.01,12470844,1,1
77,K00790.02,12470844,1,1
78,K00791.01,12644822,1,1
79,K00792.01,2440757,0,3
80,K00793.01,2445129,0,4
81,K00794.01,2713049,1,2
82,K00795.01,3114167,1,2
83,K00796.01,3114661,0,4
84,K00797.01,3115833,1,1
85,K00812.02,4139816,1,3
86,K00812.03,4139816,1,3
87,K00116.04,8395660,1,5
88,K00812.04,4139816,1,3
89,K00813.01,4275191,1,2
90,K00814.01,4476123,1,5
91,K00801.01,3351888,1,1
92,K00802.01,3453214,1,1
93,K00803.01,3554600,0,2
94,K00804.01,3641726,1,4
95,K00805.01,3734868,0,2
96,K00806.01,3832474,1,4
97,K00116.03,8395660,1,5
98,K00806.02,3832474,1,4
99,K00806.03,3832474,1,4
100,K00807.01,3836375,0,2
101,K00808.01,3838486,0,1
102,K00809.01,3935914,1,5
103,K00810.01,3940418,1,4
104,K00811.01,4049131,1,3
105,K00812.01,4139816,1,3
106,K00828.01,5287983,0,1
107,K00829.01,5358241,1,5
108,K00117.02,10875245,1,4
109,K00829.02,5358241,1,5
110,K00829.03,5358241,1,5
111,K00830.01,5358624,1,1
112,K00815.01,4544670,1,4
113,K00816.01,4664847,1,5
114,K00817.01,4725681,1,1
115,K00817.02,4725681,1,1
116,K00818.01,4913852,1,5
117,K00819.01,4932348,0,1
118,K00820.01,4936180,1,1
119,K00011.01,11913073,0,1
120,K00117.01,10875245,1,4
121,K00821.01,5021899,1,5
122,K00822.01,5077629,0,3
123,K00823.01,5115978,1,4
124,K00824.01,5164255,1,5
125,K00825.01,5252423,1,3
126,K00825.02,5252423,1,3
127,K00826.01,5272878,1,2
128,K00827.01,5283542,0,4
129,K00839.01,5649215,0,2
130,K00840.01,5651104,1,5
131,K00841.01,5792202,1,2
132,K00117.04,10875245,1,4
133,K00841.02,5792202,1,2
134,K00831.01,5370302,0,2
135,K00832.01,5372966,0,5
136,K00833.01,5376067,0,1
137,K00834.01,5436502,1,4
138,K00834.02,5436502,1,4
139,K00834.03,5436502,1,4
140,K00834.04,5436502,1,4
141,K00117.03,10875245,1,4
142,K00834.05,5436502,1,4
143,K00835.01,5456651,1,1
144,K00835.02,5456651,1,1
145,K00836.01,5481416,0,2
146,K00837.01,5531576,1,1
147,K00837.02,5531576,1,1
148,K00838.01,5534814,0,2
149,K00850.01,6291653,1,2
150,K00851.01,6392727,1,2
151,K00852.01,6422070,1,3
152,K00853.01,6428700,1,4
153,K00853.02,6428700,1,4
154,K00841.03,5792202,1,2
155,K00842.01,5794379,1,2
156,K00842.02,5794379,1,2
157,K00843.01,5881688,1,2
158,K00844.01,6022556,1,2
159,K00845.01,6032497,1,2
160,K00846.01,6061119,1,2
161,K00847.01,6191521,1,4
162,K00848.01,6267425,0,4
163,K00118.01,3531558,1,5
164,K00849.01,6276477,1,1
165,K00867.01,6863998,1,1
166,K00868.01,6867155,1,2
167,K00869.01,6948054,1,5
168,K00869.02,6948054,1,5
169,K00869.03,6948054,1,5
170,K00854.01,6435936,1,4
171,K00855.01,6522242,1,1
172,K00856.01,6526710,1,4
173,K00857.01,6587280,1,3
174,K00119.01,9471974,1,5
175,K00857.02,6587280,1,3
176,K00858.01,6599919,1,1
177,K00859.01,6675056,0,2
178,K00861.01,6685526,1,3
179,K00862.01,6756669,0,5
180,K00863.01,6784235,1,1
181,K00864.01,6849310,1,3
182,K00864.02,6849310,1,3
183,K00864.03,6849310,1,3
184,K00865.01,6862328,1,2
185,K00119.02,9471974,1,5
186,K00866.01,6862603,0,5
187,K00880.01,7366258,1,3
188,K00880.02,7366258,1,3
189,K00880.03,7366258,1,3
190,K00880.04,7366258,1,3
191,K00881.01,7373451,1,3
192,K00869.04,6948054,1,5
193,K00870.01,6949607,1,1
194,K00870.02,6949607,1,1
195,K00871.01,7031517,1,3
196,K00120.01,11869052,0,5
197,K00872.01,7109675,1,3
198,K00872.02,7109675,1,3
199,K00873.01,7118364,1,5
200,K00874.01,7134976,1,5
201,K00874.02,7134976,1,5
202,K00875.01,7135852,1,3
203,K00876.01,7270230,0,5
204,K00877.01,7287995,1,5
205,K00877.02,7287995,1,5
206,K00877.03,7287995,1,5
207,K00121.01,3247396,0,4
208,K00878.01,7303253,1,3
209,K00123.01,5094751,1,3
210,K00892.01,7678434,1,3
211,K00892.02,7678434,1,3
212,K00893.01,7685981,1,1
213,K00894.01,7708215,0,2
214,K00881.02,7373451,1,3
215,K00882.01,7377033,0,5
216,K00883.01,7380537,1,1
217,K00884.01,7434875,1,5
218,K00122.01,8349582,1,4
219,K00884.02,7434875,1,5
220,K00884.03,7434875,1,5
221,K00886.01,7455287,1,2
222,K00886.02,7455287,1,2
223,K00886.03,7455287,1,2
224,K00887.01,7458762,1,3
225,K00888.01,7552344,0,4
226,K00889.01,757450,1,4
227,K00890.01,7585481,1,2
228,K00891.01,7663691,1,3
229,K00012.01,5812701,1,1
230,K00901.01,8013419,1,5
231,K00902.01,8018547,1,1
232,K00903.01,8039892,1,3
233,K00904.01,8150320,1,5
234,K00904.02,8150320,1,5
235,K00124.01,11086270,1,1
236,K00895.01,7767559,0,5
237,K00896.01,7825899,1,5
238,K00896.02,7825899,1,5
239,K00897.01,7849854,1,1
240,K00898.01,7870390,1,4
241,K00898.02,7870390,1,4
242,K00123.02,5094751,1,3
243,K00898.03,7870390,1,4
244,K00899.01,7907423,1,2
245,K00899.02,7907423,1,2
246,K00899.03,7907423,1,2
247,K00900.01,7938496,1,1
248,K00911.01,8490993,1,5
249,K00911.02,8490993,1,5
250,K00912.01,8505670,1,4
251,K00912.02,8505670,1,4
252,K00913.01,8544996,1,5
253,K00914.01,8552202,1,1
254,K00904.03,8150320,1,5
255,K00904.04,8150320,1,5
256,K00904.05,8150320,1,5
257,K00905.01,8180063,0,1
258,K00906.01,8226994,1,4
259,K00906.02,8226994,1,4
260,K00906.03,8226994,1,4
261,K00907.01,8247638,1,2
262,K00907.02,8247638,1,2
263,K00907.03,8247638,1,2
264,K00124.02,11086270,1,1
265,K00907.04,8247638,1,2
266,K00908.01,8255887,1,4
267,K00909.01,8256049,0,4
268,K00910.01,8414716,1,4
269,K00928.01,9140402,1,4
270,K00929.01,9141746,1,1
271,K00930.01,9159275,0,2
272,K00931.01,9166862,1,1
273,K00932.01,9166870,0,3
274,K00125.01,11449844,1,3
275,K00915.01,8605074,0,1
276,K00916.01,8628973,1,5
277,K00917.01,8655354,0,4
278,K00918.01,8672910,1,5
279,K00919.01,8686150,0,3
280,K00920.01,8689031,1,3
281,K00921.01,8689373,1,4
282,K00921.02,8689373,1,4
283,K00921.03,8689373,1,4
284,K00922.01,8826878,1,2
285,K00126.01,5897826,0,1
286,K00923.01,8883593,1,3
287,K00924.01,8951215,1,5
288,K00925.01,9016295,0,3
289,K00926.01,9077124,1,2
290,K00927.01,9097120,0,5
291,K00939.01,9466668,1,4
292,K00939.02,9466668,1,4
293,K00939.03,9466668,1,4
294,K00939.04,9466668,1,4
295,K00940.01,9479273,1,4
296,K00127.01,8359498,1,2
297,K00933.01,9171801,0,5
298,K00934.01,9334289,1,4
299,K00934.02,9334289,1,4
300,K00934.03,9334289,1,4
301,K00935.01,9347899,1,3
302,K00935.02,9347899,1,3
303,K00935.03,9347899,1,3
304,K00935.04,9347899,1,3
305,K00936.01,9388479,1,1
306,K00936.02,9388479,1,1
307,K00128.01,11359879,1,1
308,K00937.01,9406990,1,3
309,K00938.01,9415172,1,2
310,K00938.02,9415172,1,2
311,K00938.03,9415172,1,2
312,K00145.01,9904059,0,2
313,K01102.02,3231341,1,5
314,K01102.03,3231341,1,5
315,K01102.04,3231341,1,5
316,K01103.01,2860866,1,3
317,K00150.02,7626506,1,4
318,K01168.01,10460629,1,5
319,K01169.01,10319385,1,4
320,K01170.01,10482160,1,4
321,K01171.01,10485069,0,2
322,K00966.01,3233043,0,3
323,K00967.01,6579806,0,2
324,K00968.01,3560301,0,4
325,K00969.01,4044005,0,5
326,K00970.01,11502218,1,3
327,K00971.01,11180361,1,4
328,K01044.01,5802246,0,3
329,K01045.01,6066403,0,2
330,K01046.01,6209637,0,5
331,K01047.01,5988031,0,3
332,K00014.01,7684873,0,4
333,K00139.01,8559644,1,5
334,K01104.01,2851100,0,2
335,K01105.01,3130300,0,4
336,K01106.01,3240158,1,5
337,K01106.02,3240158,1,5
338,K01107.01,3228959,0,1
339,K01108.01,3218908,1,5
340,K01172.01,10341913,0,4
341,K01173.01,10480921,0,3
342,K01174.01,10287723,1,1
343,K01175.01,10350571,1,1
344,K01175.02,10350571,1,1
345,K01176.01,3749365,1,3
346,K00972.01,11013201,1,3
347,K00133.01,11673674,0,2
348,K00972.02,11013201,1,3
349,K00974.01,9414417,1,3
350,K00975.01,3632418,1,5
351,K00976.01,3441784,0,2
352,K01048.01,5820218,0,2
353,K01049.01,5876368,0,5
354,K01050.01,5809890,1,3
355,K01050.02,5809890,1,3
356,K01051.01,6131236,1,4
357,K00146.01,9048161,0,1
358,K01108.02,3218908,1,5
359,K01108.03,3218908,1,5
360,K01109.01,3235672,0,3
361,K01110.01,2837111,1,5
362,K01111.01,3120276,0,5
363,K00151.01,2307199,1,1
364,K01177.01,3547091,0,2
365,K01178.01,3869825,0,2
366,K01179.01,3655332,0,4
367,K01180.01,4042026,0,1
368,K01181.01,3344419,0,1
369,K00977.01,11192141,0,2
370,K00978.01,11494130,0,2
371,K00979.01,5648449,0,1
372,K00980.01,12167361,0,1
373,K00981.01,8607720,0,2
374,K00982.01,1433962,0,1
375,K00134.01,9032900,1,4
376,K01052.01,5956342,1,3
377,K01052.02,5956342,1,3
378,K01052.03,5956342,1,3
379,K01052.04,5956342,1,3
380,K01053.01,5956656,1,2
381,K01112.01,3109930,1,5
382,K01113.01,2854914,1,3
383,K01113.02,2854914,1,3
384,K01114.01,3337425,0,4
385,K01115.01,3116412,1,1
386,K01182.01,3865567,0,3
387,K01183.01,3544689,0,1
388,K01184.01,4037164,0,1
389,K01185.01,3443790,0,4
390,K01186.01,3966912,0,4
391,K00152.01,8394721,1,5
392,K00983.01,11607193,0,3
393,K00984.01,1161345,1,4
394,K00985.01,10227501,0,2
395,K00986.01,2854698,1,2
396,K00986.02,2854698,1,2
397,K00139.02,8559644,1,5
398,K01054.01,6032981,0,1
399,K01055.01,5866099,0,1
400,K01056.01,5964985,0,5
401,K01057.01,6066416,0,3
402,K00147.01,1996679,0,5
403,K01116.01,2849805,1,5
404,K01117.01,3114811,1,3
405,K01118.01,2853446,1,5
406,K01119.01,3003992,0,4
407,K01193.01,3942446,1,3
408,K01194.01,3554031,1,2
409,K01194.02,3554031,1,2
410,K01194.03,3554031,1,2
411,K00152.02,8394721,1,5
412,K00987.01,7295235,1,1
413,K00988.01,2302548,1,3
414,K00988.02,2302548,1,3
415,K00989.01,10743597,0,1
416,K00989.02,10743597,0,1
417,K00135.01,9818381,1,1
418,K01058.01,6124941,0,3
419,K01059.01,6060203,1,4
420,K01060.01,5880320,1,2
421,K01060.02,5880320,1,2
422,K01060.03,5880320,1,2
423,K01119.02,3003992,0,4
424,K01120.01,6307537,0,5
425,K01121.01,6359798,0,4
426,K01122.01,6311681,0,3
427,K01123.01,6365321,0,3
428,K01124.01,6301035,0,2
429,K01199.01,3859079,1,2
430,K01200.01,3557493,0,1
431,K01201.01,4061149,1,3
432,K01202.01,3444588,1,5
433,K00152.03,8394721,1,5
434,K01203.01,3962243,1,2
435,K00989.03,10743597,1,1
436,K00990.01,10015516,0,1
437,K00991.01,10154388,1,3
438,K00992.01,1432789,1,5
439,K00993.01,1718189,1,3
440,K01060.04,5880320,1,2
441,K00140.01,5130369,0,5
442,K01061.01,6037187,1,5
443,K01062.01,6147122,0,3
444,K01063.01,8257407,0,5
445,K01064.01,8218274,0,5
446,K00015.01,3964562,0,5
447,K00148.01,5735762,1,3
448,K01125.01,6292162,0,2
449,K01126.01,6307521,0,2
450,K01127.01,6359320,1,3
451,K01187.01,3848972,0,1
452,K01188.01,3860441,0,4
453,K01189.01,3765771,0,3
454,K01190.01,3557341,0,2
455,K01191.01,3859628,1,2
456,K01192.01,3644071,1,1
457,K00993.02,1718189,1,3
458,K00994.01,1431122,1,3
459,K00995.01,3858949,0,4
460,K00996.01,3858824,0,1
461,K00997.01,2157247,0,2
462,K00136.01,7601633,0,5
463,K01065.01,8242681,0,3
464,K01066.01,8260218,1,1
465,K01067.01,8246781,0,4
466,K01068.01,8264070,0,4
467,K01069.01,8222813,1,4
468,K01127.02,6359320,1,3
469,K01127.03,6359320,1,3
470,K01128.01,6362874,1,5
471,K01129.01,6272413,1,1
472,K01130.01,8279765,0,3
473,K01132.01,8330548,0,3
474,K01196.01,3348082,0,5
475,K01197.01,3853673,0,4
476,K01198.01,3447722,1,2
477,K01198.02,3447722,1,2
478,K01198.03,3447722,1,2
479,K01198.04,3447722,1,2
480,K00998.01,1432214,0,3
481,K00999.01,2165002,1,1
482,K00999.02,2165002,1,1
483,K01000.01,2441728,0,2
484,K01001.01,1871056,1,2
485,K01069.02,8222813,1,4
486,K00141.01,12105051,1,2
487,K01070.01,8240904,1,4
488,K01070.02,8240904,1,4
489,K01070.03,8240904,1,4
490,K01133.01,8374494,0,4
491,K00148.02,5735762,1,3
492,K01134.01,8414907,0,1
493,K01134.02,8414907,0,1
494,K01135.01,8397446,0,5
495,K01136.01,8386035,0,5
496,K01203.02,3962243,1,2
497,K01203.03,3962243,1,2
498,K01204.01,3438507,1,1
499,K01205.01,3869014,1,3
500,K01206.01,3756801,1,4
501,K01001.02,1871056,1,2
502,K01002.01,1865042,1,4
503,K01003.01,2438502,0,1
504,K01004.01,2309585,0,2
505,K01005.01,5780460,1,5
506,K01071.01,8244190,0,4
507,K01072.01,8229696,1,1
508,K01073.01,8262210,0,4
509,K01074.01,10272640,1,2
510,K01075.01,10232123,0,4
511,K01076.01,10223616,0,1
512,K01138.01,8415745,0,3
513,K01139.01,8378634,0,4
514,K01140.01,8397675,0,4
515,K01141.01,8346392,1,5
516,K01142.01,8288947,1,1
517,K01143.01,8312852,0,2
518,K00941.01,9480189,1,3
519,K00129.01,11974540,1,5
520,K00941.02,9480189,1,3
521,K00941.03,9480189,1,3
522,K00942.01,9512687,1,4
523,K00137.01,8644288,1,1
524,K01006.01,5738346,0,4
525,K01007.01,1725016,1,3
526,K01008.01,1722276,0,3
527,K01009.01,892772,0,4
528,K01010.01,1027438,0,1
529,K01077.01,10268907,0,5
530,K00142.01,5446285,1,5
531,K01078.01,10166274,1,4
532,K01078.02,10166274,1,4
533,K01078.03,10166274,1,4
534,K01079.01,10153827,0,5
535,K00148.03,5735762,1,3
536,K01144.01,8302450,0,4
537,K01145.01,8313667,1,1
538,K01146.01,8351704,1,2
539,K01147.01,8299955,0,3
540,K00943.01,9513865,1,2
541,K00944.01,9595686,0,3
542,K00945.01,9605514,1,4
543,K00945.02,9605514,1,4
544,K00946.01,9661877,0,3
545,K01011.01,5728283,0,4
546,K01012.01,8127639,0,4
547,K01013.01,6047498,0,1
548,K01014.01,8125580,1,3
549,K01015.01,8158127,1,2
550,K01080.01,10158990,0,3
551,K01081.01,10149023,1,3
552,K01082.01,10141900,1,4
553,K01082.02,10141900,1,4
554,K01082.03,10141900,1,4
555,K01148.01,8410727,1,4
556,K01148.02,8410727,1,4
557,K01149.01,8349405,0,2
558,K01150.01,8278371,1,5
559,K01151.01,8280511,1,3
560,K01151.02,8280511,1,3
561,K00947.01,9710326,1,1
562,K00948.01,9761882,1,3
563,K00130.01,5297298,0,4
564,K00949.01,9766437,1,3
565,K00950.01,9772531,1,5
566,K00951.01,9775938,1,1
567,K00137.02,8644288,1,1
568,K01015.02,8158127,1,2
569,K01016.01,8176653,0,4
570,K01017.01,8174625,1,2
571,K01018.01,8183911,0,4
572,K01019.01,8179973,0,1
573,K01083.01,10157458,1,3
574,K00143.01,4649305,0,5
575,K01084.01,10148521,0,5
576,K01085.01,10118816,1,3
577,K01086.01,10122255,1,2
578,K01087.01,3124412,0,2
579,K00149.01,3835670,1,1
580,K01152.01,10287248,0,4
581,K01153.01,10351767,0,3
582,K01154.01,10295951,1,5
583,K01155.01,10342041,0,4
584,K01156.01,10514770,0,5
585,K00951.02,9775938,1,1
586,K00952.01,9787239,1,3
587,K00952.02,9787239,1,3
588,K00952.03,9787239,1,3
589,K00952.04,9787239,1,3
590,K00952.05,9787239,1,3
591,K01020.01,2309719,0,3
592,K01021.01,2558363,0,3
593,K01022.01,2716853,1,5
594,K01023.01,2445154,0,2
595,K01024.01,2715135,1,5
596,K00137.03,8644288,1,1
597,K01088.01,3113266,0,3
598,K01089.01,3247268,1,3
599,K01089.02,3247268,1,3
600,K01090.01,3232859,0,2
601,K01091.01,3098184,0,5
602,K01092.01,2720309,0,2
603,K01157.01,10342065,0,2
604,K01158.01,10352945,0,3
605,K01159.01,10354039,1,2
606,K01160.01,10330115,1,2
607,K01161.01,10426656,1,4
608,K00953.01,9820483,1,4
609,K00013.01,9941662,1,3
610,K00131.01,7778437,1,2
611,K00954.01,9823457,1,1
612,K00954.02,9823457,1,1
613,K01025.01,2574201,0,4
614,K01028.01,2166206,0,2
615,K01029.01,2164169,1,5
616,K01030.01,2574338,1,2
617,K01031.01,2584163,1,2
618,K00144.01,4180280,1,1
619,K01093.01,3239636,0,2
620,K01094.01,2721030,1,4
621,K01095.01,3329204,1,3
622,K01096.01,3230491,1,5
623,K01097.01,3340070,0,5
624,K00150.01,7626506,1,4
625,K01161.02,10426656,1,4
626,K01161.03,10426656,1,4
627,K01162.01,10528068,1,4
628,K01163.01,10468940,1,4
629,K00955.01,9825625,1,5
630,K00956.01,9875711,1,4
631,K00957.01,7661409,0,1
632,K00958.01,1026957,1,5
633,K00959.01,10002261,0,3
634,K00960.01,8176650,0,3
635,K01032.01,2162635,1,2
636,K01034.01,5899544,0,3
637,K01035.01,5963222,0,5
638,K01036.01,5982353,0,3
639,K01037.01,6205468,0,2
640,K00138.01,8506766,0,3
641,K01098.01,3240706,0,5
642,K01099.01,2853093,1,3
643,K01100.01,3228824,0,3
644,K01101.01,3245969,1,2
645,K01102.01,3231341,1,5
646,K01163.02,10468940,1,4
647,K01164.01,10341831,0,5
648,K01165.01,10337517,1,3
649,K01165.02,10337517,1,3
650,K01166.01,10351231,1,1
651,K01167.01,10485179,0,2
652,K00961.01,8561063,1,5
653,K00961.02,8561063,1,5
654,K00132.01,8892910,0,2
655,K00961.03,8561063,1,5
656,K00964.01,10657664,0,5
657,K00965.01,3337351,0,3
658,K01038.01,6153201,0,4
659,K01039.01,5802486,0,3
660,K01040.01,5817553,0,5
661,K01041.01,5982368,0,2
662,K01042.01,5816811,0,1
663,K01043.01,5816165,0,5
664,K01360.01,7102227,1,2
665,K01360.02,7102227,1,2
666,K01360.03,7102227,1,2
667,K01361.01,6960913,1,4
668,K01362.01,6837146,1,5
669,K01426.02,11122894,1,1
670,K01426.03,11122894,1,1
671,K01427.01,11129738,1,1
672,K01428.01,11401182,1,1
673,K01429.01,11030711,1,4
674,K00168.03,11512246,1,4
675,K01239.01,6607286,1,2
676,K01239.02,6607286,1,2
677,K01240.01,6690082,1,4
678,K01240.02,6690082,1,4
679,K01241.01,6448890,1,2
680,K01241.02,6448890,1,2
681,K01305.01,10730034,1,2
682,K01305.02,10730034,1,2
683,K01306.01,10858691,1,3
684,K01306.02,10858691,1,3
685,K01306.03,10858691,1,3
686,K00162.01,8107380,1,5
687,K01363.01,6936909,1,1
688,K01363.02,6936909,1,1
689,K01364.01,6962977,1,1
690,K01364.02,6962977,1,1
691,K01430.01,11176127,1,1
692,K01430.02,11176127,1,1
693,K01430.03,11176127,1,1
694,K01431.01,11075279,1,4
695,K01432.01,11014932,1,4
696,K01242.01,6607447,1,1
697,K01243.01,6677256,0,1
698,K00155.01,8030148,1,2
699,K01244.01,6692833,0,1
700,K01245.01,6693640,1,1
701,K01306.04,10858691,1,3
702,K01307.01,10973814,1,4
703,K01307.02,10973814,1,4
704,K00157.05,6541920,1,2
705,K01308.01,10586208,1,2
706,K01364.03,6962977,1,1
707,K01364.04,6962977,1,1
708,K01364.05,6962977,1,1
709,K01365.01,7174351,0,2
710,K01366.01,6932987,1,5
711,K01432.02,11014932,1,4
712,K01432.03,11014932,1,4
713,K01432.04,11014932,1,4
714,K01433.01,11288505,1,4
715,K01434.01,11493431,1,5
716,K01246.01,6441738,1,2
717,K01247.01,8801343,0,3
718,K01248.01,8488878,0,3
719,K01249.01,8560285,0,3
720,K01250.01,8620565,0,3
721,K01251.01,8616873,1,2
722,K01309.01,10854768,1,2
723,K01310.01,10964440,1,5
724,K01311.01,10713616,1,3
725,K01312.01,10963242,1,1
726,K01313.01,10785538,0,1
727,K01366.02,6932987,1,5
728,K00018.01,8191672,1,3
729,K00163.01,6851425,1,4
730,K01367.01,6934291,1,4
731,K01368.01,7357531,0,4
732,K00169.01,6185711,0,2
733,K01435.01,11037335,1,4
734,K01435.02,11037335,1,4
735,K01436.01,11389771,1,2
736,K01436.02,11389771,1,2
737,K01252.01,8737796,0,3
738,K01253.01,8462258,0,3
739,K00156.01,10925104,1,2
740,K01254.01,8454250,0,3
741,K01255.01,8494263,1,1
742,K01256.01,8848271,0,3
743,K01314.01,10585852,1,2
744,K01315.01,10928043,1,2
745,K01316.01,10794087,1,4
746,K01316.02,10794087,1,4
747,K00157.06,6541920,1,2
748,K01317.01,4275739,0,1
749,K01369.01,7287415,1,2
750,K01370.01,6924203,1,3
751,K01371.01,6878167,0,2
752,K01372.01,6880531,0,2
753,K01373.01,6863839,0,4
754,K01374.01,7296086,0,1
755,K01436.03,11389771,1,2
756,K01437.01,11599038,1,2
757,K01438.01,11193263,1,5
758,K01439.01,11027624,1,5
759,K01440.01,11032227,1,5
760,K01257.01,8751933,1,1
761,K01258.01,8630788,1,1
762,K01258.02,8630788,1,1
763,K01258.03,8630788,1,1
764,K01259.01,8823426,0,1
765,K01318.01,4070376,0,4
766,K01319.01,4078157,0,4
767,K01320.01,4164994,1,1
768,K01321.01,4480676,0,1
769,K01322.01,4079535,0,1
770,K01375.01,6766634,1,3
771,K01376.01,6774826,0,1
772,K00164.01,5652237,0,4
773,K01377.01,7211469,1,3
774,K01378.01,7375795,0,1
775,K00019.01,7255336,0,5
776,K00171.01,7831264,1,2
777,K01449.01,7802136,0,1
778,K01450.01,7532973,1,3
779,K01451.01,9632895,0,1
780,K01452.01,7449844,0,3
781,K01260.01,8766222,0,3
782,K01261.01,8678594,1,5
783,K00156.02,10925104,1,2
784,K01261.02,8678594,1,5
785,K01262.01,8703884,0,2
786,K01263.01,8560840,0,2
787,K01323.01,4076098,1,3
788,K01324.01,4551328,0,5
789,K01325.01,4282872,1,3
790,K01326.01,4639868,0,5
791,K00158.01,10555375,0,4
792,K01327.01,4372768,0,5
793,K01378.02,7375795,0,1
794,K01379.01,7211221,1,2
795,K01380.01,7025526,0,5
796,K01381.01,9451127,0,4
797,K01382.01,9446824,0,2
798,K01441.01,11356260,1,2
799,K00170.01,11044770,0,4
800,K01442.01,11600889,1,4
801,K01443.01,11197126,0,5
802,K01444.01,11043167,1,1
803,K01264.01,8612847,1,1
804,K01265.01,8552583,0,1
805,K01266.01,8547140,1,4
806,K01267.01,8519253,0,4
807,K01268.01,8813698,1,3
808,K01269.01,8757910,0,3
809,K01328.01,4074736,1,5
810,K01329.01,4072526,1,2
811,K01330.01,4150539,0,3
812,K01331.01,4274548,1,5
813,K01332.01,4455231,1,2
814,K01383.01,8953257,0,5
815,K01384.01,8971432,0,1
816,K01385.01,9278553,0,5
817,K00165.01,9527915,1,2
818,K01386.01,9143254,0,2
819,K01387.01,8949247,0,3
820,K01445.01,11336883,1,4
821,K01445.02,11336883,1,4
822,K01445.03,11336883,1,4
823,K01446.01,12506351,0,2
824,K01447.01,7622486,0,4
825,K01447.02,7622486,0,4
826,K01448.01,9705459,0,1
827,K01270.01,8564587,1,5
828,K00156.03,10925104,1,2
829,K01270.02,8564587,1,5
830,K01271.01,8631160,1,2
831,K01272.01,8552498,0,2
832,K01273.01,8806072,1,1
833,K01332.02,4455231,1,2
834,K01332.03,4455231,1,2
835,K01333.01,4285107,0,4
836,K01334.01,4150624,0,5
837,K00159.01,8972058,1,2
838,K01388.01,9346253,0,2
839,K01389.01,9002237,0,2
840,K01390.01,9288786,0,3
841,K01391.01,8958035,0,2
842,K01392.01,9040849,0,1
843,K01393.01,9202151,1,3
844,K01453.01,7842610,0,1
845,K01454.01,7830637,0,1
846,K01455.01,4760746,1,4
847,K01456.01,7832356,1,5
848,K01457.01,9643874,1,5
849,K01274.01,8800954,1,3
850,K01275.01,8583696,1,5
851,K01276.01,8804283,1,2
852,K01276.02,8804283,1,2
853,K01277.01,8552565,0,3
854,K01335.01,4155328,1,1
855,K01336.01,4077526,1,1
856,K01336.02,4077526,1,1
857,K01336.03,4077526,1,1
858,K01336.04,4077526,1,1
859,K01394.01,8937021,0,1
860,K01395.01,8935810,1,2
861,K00166.01,2441495,1,2
862,K01396.01,9455556,1,1
863,K01396.02,9455556,1,1
864,K01397.01,9427402,1,5
865,K01207.01,3732821,1,3
866,K01208.01,3962440,1,5
867,K01209.01,3534076,1,4
868,K01210.01,3962357,1,3
869,K00016.01,9110357,0,2
870,K00152.04,8394721,1,5
871,K01278.01,8609450,1,5
872,K00157.01,6541920,1,2
873,K01278.02,8609450,1,5
874,K01278.03,8609450,1,5
875,K01278.04,8609450,1,5
876,K01337.01,4243911,1,1
877,K01338.01,4466677,1,3
878,K01338.02,4466677,1,3
879,K01338.03,4466677,1,3
880,K01339.01,4135665,1,1
881,K01398.01,9269281,1,3
882,K01399.01,9100484,1,1
883,K01400.01,9157908,0,3
884,K01401.01,9030447,0,1
885,K01402.01,9034103,1,2
886,K01403.01,9214942,1,5
887,K01211.01,3858704,0,1
888,K01212.01,3749134,1,3
889,K01213.01,3556220,0,5
890,K01214.01,3660924,1,5
891,K01215.01,3939150,1,1
892,K01279.01,8628758,1,1
893,K01279.02,8628758,1,1
894,K01280.01,8509361,0,4
895,K01281.01,8742590,1,1
896,K01282.01,8822366,1,3
897,K00159.02,8972058,1,2
898,K01340.01,4386059,0,1
899,K01341.01,4650674,1,3
900,K01342.01,4275721,1,5
901,K01342.02,4275721,1,5
902,K01404.01,8874090,1,5
903,K00167.01,11666881,1,2
904,K01405.01,9264949,1,4
905,K01406.01,9271752,1,4
906,K01407.01,9007866,0,2
907,K01408.01,9150827,1,1
908,K01215.02,3939150,1,1
909,K01216.01,3839488,1,1
910,K01217.01,3542588,0,2
911,K01218.01,3442055,1,4
912,K01219.01,3440861,0,4
913,K00153.01,12252424,1,1
914,K01283.01,8700771,1,5
915,K01284.01,10960993,0,1
916,K00157.02,6541920,1,2
917,K01285.01,10599397,0,4
918,K01286.01,10879208,0,3
919,K01287.01,10843203,0,5
920,K01343.01,4570931,0,5
921,K01344.01,4136466,1,2
922,K01345.01,7284688,0,2
923,K01346.01,7199774,0,1
924,K01347.01,7037540,0,1
925,K01348.01,6866228,0,5
926,K01409.01,9391208,1,1
927,K01410.01,9391506,1,1
928,K01412.01,8950853,1,1
929,K01413.01,9006449,1,2
930,K01413.02,9006449,1,2
931,K01413.03,9006449,1,2
932,K01220.01,4043190,1,4
933,K01221.01,3640905,1,1
934,K01221.02,3640905,1,1
935,K01222.01,4060815,0,1
936,K01223.01,6613006,0,4
937,K01224.01,6606653,0,4
938,K01288.01,10790387,1,3
939,K01289.01,10748393,0,2
940,K01290.01,10874226,0,2
941,K01291.01,10661771,0,3
942,K01292.01,10924853,0,5
943,K01293.01,10874926,0,2
944,K00160.01,6631721,0,2
945,K01349.01,6847018,0,4
946,K01350.01,7220322,0,3
947,K01352.01,6956233,0,4
948,K01353.01,7303287,1,3
949,K01353.02,7303287,1,3
950,K00168.01,11512246,1,4
951,K01414.01,8916492,0,1
952,K01415.01,11193447,0,4
953,K01416.01,11517719,1,5
954,K01417.01,11599264,0,5
955,K01418.01,11100657,0,4
956,K01225.01,6620003,1,4
957,K01226.01,6621116,0,4
958,K01227.01,6629332,0,4
959,K01228.01,6387450,0,3
960,K00153.02,12252424,1,1
961,K01229.01,6432059,0,3
962,K01230.01,6470149,0,4
963,K01294.01,10549562,0,3
964,K00017.01,10874614,1,5
965,K00157.03,6541920,1,2
966,K01295.01,10666230,0,3
967,K01296.01,10971674,0,4
968,K01354.01,6891543,0,2
969,K01355.01,7211141,1,5
970,K01356.01,7363829,1,1
971,K01357.01,6719086,1,5
972,K01358.01,7376983,1,2
973,K00161.01,5084942,1,1
974,K01419.01,11125936,0,2
975,K01420.01,11026304,1,3
976,K01421.01,11342550,1,2
977,K01422.01,11497958,1,2
978,K01422.02,11497958,1,2
979,K00168.02,11512246,1,4
980,K01231.01,6462874,0,3
981,K01232.01,6665223,0,5
982,K01233.01,6545358,0,2
983,K01234.01,6390824,0,5
984,K01235.01,6546528,0,4
985,K01297.01,10676923,0,3
986,K01298.01,10604335,1,1
987,K01298.02,10604335,1,1
988,K01299.01,10864656,1,2
989,K01300.01,10975146,1,3
990,K01301.01,10538176,1,3
991,K01358.02,7376983,1,2
992,K01358.03,7376983,1,2
993,K01358.04,7376983,1,2
994,K01359.01,6946199,1,5
995,K01359.02,6946199,1,5
996,K01422.03,11497958,1,2
997,K01423.01,11177707,1,5
998,K01424.01,11611600,1,2
999,K01425.01,11254382,1,1
1000,K01426.01,11122894,1,1
1001,K01236.01,6677841,1,1
1002,K01236.02,6677841,1,1
1003,K01236.03,6677841,1,1
1004,K00154.01,9970525,0,2
1005,K01237.01,6531491,0,4
1006,K01238.01,6383821,1,4
1007,K01301.02,10538176,1,3
1008,K01302.01,10724369,1,4
1009,K00157.04,6541920,1,2
1010,K01303.01,10867062,1,3
1011,K01304.01,10744335,1,5
1012,K01602.01,4860678,1,1
1013,K01603.01,5177104,1,3
1014,K00187.01,7023960,0,1
1015,K01604.01,10033279,0,2
1016,K01605.01,5009189,0,2
1017,K01713.02,8230616,1,2
1018,K01715.01,9836959,1,3
1019,K01716.01,9838949,1,3
1020,K01717.01,9895006,1,3
1021,K01718.01,9896558,1,2
1022,K01488.01,9589323,1,5
1023,K01489.01,9823487,1,5
1024,K01490.01,9602514,0,4
1025,K01491.01,9726659,1,1
1026,K01492.01,12108312,0,5
1027,K01557.01,5371776,1,5
1028,K01557.02,5371776,1,5
1029,K01557.03,5371776,1,5
1030,K00180.01,9573539,1,5
1031,K01557.04,5371776,1,5
1032,K01606.01,9886661,1,1
1033,K01607.01,5477805,0,4
1034,K01608.01,10055126,1,2
1035,K01608.02,10055126,1,2
1036,K01609.01,5009743,1,5
1037,K01720.01,10015937,1,5
1038,K01721.01,10019065,1,4
1039,K00192.01,7950644,1,3
1040,K01722.01,10080248,1,4
1041,K01723.01,10213902,1,1
1042,K01493.01,9842906,0,3
1043,K01494.01,11821363,1,4
1044,K01495.01,7629518,1,3
1045,K00174.01,10810838,1,5
1046,K01496.01,4828341,0,4
1047,K01558.01,10019763,0,1
1048,K01559.01,9899280,0,5
1049,K01560.01,8046659,1,5
1050,K01561.01,4940438,0,5
1051,K01562.01,5308663,0,2
1052,K01610.01,5474733,0,3
1053,K01612.01,10963065,1,4
1054,K01613.01,6268648,1,5
1055,K00021.01,10125352,0,5
1056,K00188.01,5357901,1,3
1057,K01615.01,4278221,1,5
1058,K01724.01,10214162,1,4
1059,K01725.01,10905746,1,2
1060,K01726.01,8242434,1,3
1061,K01727.01,6185331,1,3
1062,K01728.01,11820830,0,1
1063,K01497.01,11774387,0,3
1064,K01498.01,9636135,1,1
1065,K01498.02,9636135,1,1
1066,K01499.01,7841925,1,1
1067,K01499.02,7841925,1,1
1068,K01499.03,7841925,1,1
1069,K01563.01,5219234,1,4
1070,K01563.02,5219234,1,4
1071,K01563.03,5219234,1,4
1072,K01563.04,5219234,1,4
1073,K00181.01,12504988,0,1
1074,K01616.01,9015738,1,4
1075,K01618.01,7215603,1,1
1076,K01619.01,4276716,1,2
1077,K01621.01,5561278,1,5
1078,K01622.01,7287683,1,5
1079,K01626.01,6387542,1,5
1080,K01731.01,8266276,1,5
1081,K01732.01,6869184,1,4
1082,K01733.01,8396405,1,2
1083,K00193.01,10799735,0,1
1084,K01736.01,6604328,1,5
1085,K01500.01,9719634,0,2
1086,K01501.01,7439316,1,3
1087,K01502.01,12061238,0,5
1088,K00175.01,8323753,0,3
1089,K01503.01,12400538,1,2
1090,K01564.01,5184584,1,1
1091,K01565.01,5636648,0,3
1092,K01566.01,5564247,0,2
1093,K01567.01,5438099,1,1
1094,K01567.02,5438099,1,1
1095,K01627.01,6543893,1,2
1096,K01627.02,6543893,1,2
1097,K01628.01,6975129,1,2
1098,K00189.01,11391018,1,4
1099,K01629.01,8685497,1,4
1100,K01738.01,4365645,1,3
1101,K01739.01,7199906,1,3
1102,K01746.01,8197343,1,3
1103,K01747.01,7032421,0,4
1104,K01749.01,6786348,1,2
1105,K01750.01,6209677,1,1
1106,K01504.01,9641018,0,5
1107,K01505.01,9813499,1,5
1108,K01506.01,12254792,1,3
1109,K01507.01,12020218,1,4
1110,K01508.01,7690844,1,2
1111,K01509.01,9535080,0,1
1112,K01567.03,5438099,1,1
1113,K01567.04,5438099,1,1
1114,K01568.01,5210475,0,3
1115,K01569.01,8009350,1,4
1116,K01570.01,8082001,1,2
1117,K01630.01,9017682,1,1
1118,K01632.01,9277896,1,4
1119,K01633.01,9401997,1,1
1120,K01637.01,10686864,1,4
1121,K01639.02,10749128,1,2
1122,K01764.01,11904734,1,2
1123,K01765.01,8043714,0,5
1124,K01770.01,7918217,0,2
1125,K01773.01,10153011,1,3
1126,K00022.01,9631995,1,4
1127,K01510.01,11870545,1,5
1128,K01511.01,7901948,1,5
1129,K01512.01,11955499,0,4
1130,K00176.01,6442377,1,1
1131,K01513.01,9784222,0,3
1132,K00182.01,5376836,0,4
1133,K01571.01,5557821,0,5
1134,K01572.01,10004519,1,5
1135,K01573.01,5031857,1,2
1136,K01573.02,5031857,1,2
1137,K01641.01,10879038,1,3
1138,K01643.01,10990917,1,4
1139,K01644.01,11043136,0,3
1140,K01646.01,11046025,1,4
1141,K00190.01,5771719,0,4
1142,K01751.01,9729691,1,5
1143,K01751.02,9729691,1,5
1144,K01753.01,4950232,0,2
1145,K00194.01,10904857,1,4
1146,K01754.01,8651389,1,5
1147,K01514.01,9520668,0,2
1148,K01515.01,7871954,1,1
1149,K01515.02,7871954,1,1
1150,K01516.01,12418724,1,2
1151,K01517.01,7456001,1,2
1152,K01574.01,10028792,1,5
1153,K01574.02,10028792,1,5
1154,K01574.03,10028792,1,5
1155,K01575.01,5553652,0,5
1156,K01576.01,5299459,1,5
1157,K01647.01,11153121,1,3
1158,K01647.02,11153121,1,3
1159,K01647.03,11153121,1,3
1160,K01648.01,11177543,1,3
1161,K01649.01,11337141,1,3
1162,K01758.01,6705142,1,4
1163,K01760.01,3967760,1,3
1164,K01760.02,3967760,1,3
1165,K01761.01,4067336,0,5
1166,K01762.01,5387843,0,5
1167,K01518.01,7549209,1,4
1168,K01519.01,7663405,1,4
1169,K01520.01,9765975,1,2
1170,K01521.01,9818462,1,5
1171,K00177.01,6803202,1,1
1172,K01576.02,5299459,1,5
1173,K00183.01,9651668,1,1
1174,K01576.03,5299459,1,5
1175,K01577.01,12506770,1,3
1176,K01578.01,5629985,0,4
1177,K01579.01,9898364,0,3
1178,K01650.01,11337372,1,4
1179,K01651.01,11337833,1,3
1180,K01654.01,11546211,0,1
1181,K01655.01,11547505,1,2
1182,K01656.01,4471747,1,5
1183,K00195.01,11502867,1,4
1184,K01779.01,9909735,1,4
1185,K01779.02,9909735,1,4
1186,K01781.01,11551692,1,1
1187,K01781.02,11551692,1,1
1188,K01522.01,12266636,1,2
1189,K01523.01,9850893,0,2
1190,K01524.01,4826110,0,4
1191,K01525.01,7869917,1,4
1192,K01526.01,9824805,1,4
1193,K01580.01,5193400,0,4
1194,K01581.01,7939330,1,2
1195,K01581.02,7939330,1,2
1196,K01582.01,4918309,1,4
1197,K01583.01,12602568,1,1
1198,K01584.01,9941066,1,3
1199,K00191.01,5972334,1,4
1200,K01659.01,4650733,1,4
1201,K01660.01,4830605,1,1
1202,K01661.01,4832197,0,4
1203,K01662.01,4844004,0,2
1204,K01458.01,12120943,1,1
1205,K00171.02,7831264,1,2
1206,K01459.01,9761199,0,5
1207,K01460.01,7751571,0,4
1208,K01461.01,9579499,0,2
1209,K01462.01,11913013,0,2
1210,K01527.01,7768451,1,3
1211,K01528.01,7691260,1,4
1212,K01529.01,9821454,1,2
1213,K01529.02,9821454,1,2
1214,K01530.01,11954842,1,5
1215,K00184.01,7972785,0,5
1216,K01585.01,5470739,1,5
1217,K01586.01,10022908,1,4
1218,K01587.01,9932970,1,1
1219,K01588.01,5617854,1,1
1220,K01665.01,4932442,1,4
1221,K01665.02,4932442,1,4
1222,K01669.01,5183357,1,4
1223,K01672.01,5269467,1,1
1224,K01675.01,5360920,1,1
1225,K01463.01,7672940,0,3
1226,K01464.01,7838655,0,3
1227,K01465.01,11702948,1,1
1228,K01466.01,9512981,1,4
1229,K01467.01,7770450,0,2
1230,K00178.01,11455491,0,1
1231,K01531.01,11764462,1,4
1232,K01532.01,11656246,1,5
1233,K01533.01,7808587,1,5
1234,K01534.01,4741126,1,5
1235,K01589.01,5301750,1,3
1236,K01589.02,5301750,1,3
1237,K01589.03,5301750,1,3
1238,K01589.04,5301750,1,3
1239,K01589.05,5301750,1,3
1240,K01677.01,5526717,1,2
1241,K00191.02,5972334,1,4
1242,K01677.02,5526717,1,2
1243,K01680.01,5530882,0,1
1244,K01681.01,5531953,1,3
1245,K01683.01,6034945,1,1
1246,K01468.01,9851226,0,2
1247,K00172.01,8692861,1,1
1248,K01469.01,7543649,0,3
1249,K01470.01,9480310,1,3
1250,K01471.01,11858748,0,4
1251,K01534.02,4741126,1,5
1252,K01535.01,11669125,1,4
1253,K01536.01,12159249,1,5
1254,K01537.01,9872292,1,1
1255,K01538.01,9963461,0,5
1256,K01539.01,8081482,0,2
1257,K01590.01,5542466,1,3
1258,K00185.01,4178389,1,5
1259,K01590.02,5542466,1,3
1260,K01590.03,5542466,1,3
1261,K01591.01,10028140,1,4
1262,K01684.01,6048024,0,2
1263,K01685.01,6049190,1,3
1264,K01686.01,6149553,0,3
1265,K01687.01,6198999,1,1
1266,K01688.01,6310636,1,4
1267,K01692.01,6616218,1,3
1268,K01472.01,7761545,1,3
1269,K01473.01,7499398,1,4
1270,K01474.01,12365184,1,5
1271,K01475.01,4770365,1,1
1272,K01475.02,4770365,1,1
1273,K01475.03,4770365,1,1
1274,K00003.01,10748390,1,4
1275,K00020.01,11804465,1,2
1276,K00179.01,9663113,1,1
1277,K01540.01,5649956,0,3
1278,K01541.01,4840513,0,1
1279,K01592.01,5217586,0,4
1280,K01593.01,5289854,1,4
1281,K01593.02,5289854,1,4
1282,K01594.01,9895709,0,4
1283,K01595.01,10006581,1,4
1284,K00191.03,5972334,1,4
1285,K01692.02,6616218,1,3
1286,K01693.01,6696462,0,3
1287,K01700.01,7220429,1,2
1288,K01701.01,7222086,0,2
1289,K01476.01,12406749,1,4
1290,K00172.02,8692861,1,1
1291,K01477.01,7811397,1,3
1292,K01478.01,12403119,1,2
1293,K01479.01,9842890,0,4
1294,K01542.01,8113154,0,5
1295,K01543.01,5270698,0,3
1296,K01544.01,5024450,0,2
1297,K01545.01,5282049,0,2
1298,K01546.01,5475431,1,3
1299,K01596.01,10027323,1,1
1300,K01596.02,10027323,1,1
1301,K00186.01,12019440,1,1
1302,K01597.01,5039228,1,5
1303,K01598.01,10004738,1,3
1304,K01598.02,10004738,1,3
1305,K01702.01,7304449,1,5
1306,K01704.01,7386827,1,5
1307,K01705.01,7522911,1,3
1308,K01706.01,7626370,1,4
1309,K01707.01,7703955,1,4
1310,K01480.01,7512982,1,1
1311,K01480.02,7512982,1,1
1312,K01481.01,9597806,1,5
1313,K01482.01,7812167,0,2
1314,K01484.01,11760959,0,5
1315,K01547.01,5283458,1,4
1316,K01548.01,9940565,0,5
1317,K01549.01,8053552,1,4
1318,K00179.02,9663113,1,1
1319,K01550.01,8111381,0,3
1320,K01551.01,5444549,0,2
1321,K01598.03,10004738,1,3
1322,K01599.01,5474613,1,1
1323,K01600.01,4860932,0,2
1324,K01601.01,5438757,1,5
1325,K01601.02,5438757,1,5
1326,K01708.01,7750419,1,4
1327,K00191.04,5972334,1,4
1328,K01710.01,7815744,1,5
1329,K01711.01,7955580,1,1
1330,K01713.01,8230616,1,2
1331,K01485.01,9692345,0,4
1332,K01486.01,7898352,1,3
1333,K00173.01,11402995,1,2
1334,K01486.02,7898352,1,3
1335,K01487.01,12062667,0,4
1336,K01552.01,7984047,1,1
1337,K01553.01,7951018,1,2
1338,K01554.01,9899355,0,4
1339,K01555.01,12644774,0,3
1340,K01556.01,9902856,0,2
1341,K01952.04,7747425,1,1
1342,K01955.01,9892816,1,1
1343,K01955.02,9892816,1,1
1344,K01958.01,9836149,1,3
1345,K01959.01,4813563,1,1
1346,K02032.01,2985767,1,1
1347,K02033.01,2304320,1,5
1348,K02034.01,3657758,1,5
1349,K02035.01,9790806,1,5
1350,K02036.01,6382217,1,3
1351,K01825.01,5375194,1,5
1352,K01826.01,6468138,1,5
1353,K00199.01,10019708,1,1
1354,K01828.01,11875734,1,3
1355,K01829.01,7697568,0,1
1356,K00205.01,7046804,1,1
1357,K01890.01,7449136,1,3
1358,K01891.01,8680979,1,1
1359,K01891.02,8680979,1,1
1360,K01892.01,9030537,1,4
1361,K01960.01,6949061,1,5
1362,K01961.01,7269493,1,3
1363,K01962.01,5513648,1,3
1364,K00213.01,9164836,0,4
1365,K01964.01,7887791,1,2
1366,K01965.01,11657891,1,3
1367,K00219.01,6305192,1,2
1368,K02036.02,6382217,1,3
1369,K02037.01,9634821,1,3
1370,K02037.03,9634821,1,3
1371,K02038.01,8950568,1,5
1372,K01830.01,3326377,1,3
1373,K01831.01,11601584,1,3
1374,K01831.02,11601584,1,3
1375,K01831.03,11601584,1,3
1376,K01831.04,11601584,1,3
1377,K01893.01,8689793,1,3
1378,K01894.01,11673802,1,1
1379,K01895.01,4263293,1,5
1380,K01895.02,4263293,1,5
1381,K01895.03,4263293,1,5
1382,K01897.01,5695524,1,3
1383,K01967.01,6205897,1,3
1384,K01968.01,7948784,1,4
1385,K01969.01,9244756,1,1
1386,K01970.01,9650808,1,2
1387,K01970.02,9650808,1,2
1388,K02038.02,8950568,1,5
1389,K02038.03,8950568,1,5
1390,K02038.04,8950568,1,5
1391,K02039.01,8804845,1,2
1392,K02040.01,10480915,1,2
1393,K01832.01,11709244,1,5
1394,K01832.02,11709244,1,5
1395,K01832.03,11709244,1,5
1396,K00199.02,10019708,0,1
1397,K01833.01,11853878,1,2
1398,K00206.01,5728139,1,2
1399,K01898.01,7668663,1,1
1400,K01899.01,7047922,1,5
1401,K01900.01,9353314,1,4
1402,K01901.01,3629967,1,4
1403,K01971.01,9347009,1,4
1404,K01972.01,11253711,1,2
1405,K01973.01,4917596,1,2
1406,K00024.01,4743513,0,2
1407,K00214.01,11046458,1,5
1408,K02042.01,9111849,1,4
1409,K00220.01,7132798,1,1
1410,K02043.01,3448130,1,5
1411,K02044.01,9656252,1,5
1412,K02045.01,6026438,1,5
1413,K01835.01,9471268,1,2
1414,K01835.02,9471268,1,2
1415,K01835.03,9471268,1,2
1416,K01837.01,10657406,1,1
1417,K01838.01,5526527,1,5
1418,K01902.01,5809954,0,4
1419,K01904.01,8766650,1,5
1420,K01905.01,10328393,1,5
1421,K01906.01,11773328,1,3
1422,K01907.01,7094486,1,5
1423,K01974.01,7289577,1,1
1424,K01975.01,8543100,1,4
1425,K01976.01,2693736,1,1
1426,K01977.01,9412760,1,4
1427,K01977.02,9412760,1,4
1428,K02045.02,6026438,1,5
1429,K02046.01,10663396,1,2
1430,K02047.01,11457726,1,2
1431,K02048.01,8956206,1,5
1432,K02049.01,9649706,1,2
1433,K01839.01,5856571,1,3
1434,K01840.01,7765528,1,5
1435,K01841.01,11760231,1,3
1436,K01842.01,7779077,1,2
1437,K00200.01,6046540,1,3
1438,K01908.01,5706966,1,3
1439,K00208.01,3762468,1,4
1440,K01908.02,5706966,1,3
1441,K01909.01,10130039,1,2
1442,K01909.02,10130039,1,2
1443,K01978.01,9518318,1,2
1444,K01978.02,9518318,1,2
1445,K01979.01,7273277,1,1
1446,K01980.01,11769890,1,1
1447,K01982.01,6862721,1,1
1448,K02059.01,12301181,1,2
1449,K02060.01,9279354,1,3
1450,K02062.01,6774880,1,2
1451,K00221.01,3937519,1,1
1452,K02063.01,7449541,1,4
1453,K01843.01,5080636,1,3
1454,K01843.02,5080636,1,3
1455,K01845.01,3338885,1,5
1456,K01845.02,3338885,1,5
1457,K01847.01,6776401,1,4
1458,K01909.03,10130039,1,2
1459,K01910.01,8226050,1,2
1460,K01911.01,9965957,1,1
1461,K01913.01,9704384,1,5
1462,K01914.01,8426567,1,3
1463,K00215.01,12508335,0,1
1464,K01984.01,10094670,1,1
1465,K01985.01,8142942,1,3
1466,K01986.01,8257205,1,1
1467,K01988.01,9044228,1,4
1468,K02051.01,7265298,1,1
1469,K02051.02,7265298,1,1
1470,K00220.02,7132798,1,1
1471,K02052.01,3248501,1,5
1472,K02053.01,2307415,1,5
1473,K01848.01,7430034,1,4
1474,K01849.01,9735426,1,4
1475,K01850.01,8826168,1,4
1476,K01851.01,10464050,1,2
1477,K01852.01,9763348,1,5
1478,K01915.01,9101496,1,4
1479,K01916.01,6037581,1,1
1480,K00209.01,10723750,1,4
1481,K01916.02,6037581,1,1
1482,K01916.03,6037581,1,1
1483,K01989.01,10779233,1,4
1484,K01990.01,11614617,1,3
1485,K01992.01,11450414,1,3
1486,K01996.01,4736569,1,1
1487,K01997.01,10384798,1,4
1488,K02053.02,2307415,1,5
1489,K02055.01,3128552,1,3
1490,K02056.01,10134152,1,2
1491,K02057.01,9573685,1,4
1492,K02058.01,10329835,1,4
1493,K00201.01,6849046,1,5
1494,K01853.01,8804397,1,3
1495,K01854.01,9662811,1,2
1496,K01856.01,11570749,1,2
1497,K01857.01,11297236,1,4
1498,K01917.01,10074466,1,5
1499,K01920.01,8218379,1,1
1500,K01921.01,7755636,1,2
1501,K01922.01,9411166,1,3
1502,K01922.02,9411166,1,3
1503,K01923.01,4989057,1,1
1504,K01998.01,9834040,1,1
1505,K00216.01,6152974,1,2
1506,K02000.01,8802693,1,4
1507,K02001.01,6061773,1,4
1508,K02002.01,10024701,1,2
1509,K02064.01,2579043,1,3
1510,K02066.01,3239671,1,3
1511,K02067.01,9304101,1,1
1512,K02069.01,11360571,1,2
1513,K02071.01,6035124,1,4
1514,K01858.01,8160953,1,4
1515,K01858.02,8160953,1,4
1516,K01860.01,4157325,1,3
1517,K01860.02,4157325,1,3
1518,K01860.03,4157325,1,3
1519,K01924.01,5108214,0,4
1520,K01925.01,9955598,1,2
1521,K00209.02,10723750,1,4
1522,K01927.01,7219761,0,2
1523,K01928.01,5770074,1,1
1524,K01929.01,10136549,1,4
1525,K02003.01,9851271,0,3
1526,K02004.01,12154526,1,3
1527,K02005.01,6665512,1,1
1528,K02006.01,10525027,1,4
1529,K02007.01,11069176,1,4
1530,K01783.01,10005758,1,3
1531,K01784.01,10158418,1,4
1532,K01786.01,3128793,0,4
1533,K01787.01,5864975,1,1
1534,K01788.01,2975770,1,5
1535,K01861.01,3648437,1,4
1536,K00202.01,7877496,1,3
1537,K01862.01,7286173,1,2
1538,K01863.01,11126381,1,4
1539,K01864.01,4149450,1,1
1540,K01929.02,10136549,1,4
1541,K01930.01,5511081,1,3
1542,K01930.02,5511081,1,3
1543,K01930.03,5511081,1,3
1544,K01930.04,5511081,1,3
1545,K01931.01,10978763,1,5
1546,K02007.02,11069176,1,4
1547,K02008.01,8098728,0,1
1548,K00216.02,6152974,1,2
1549,K02009.01,2449431,1,5
1550,K02010.01,5631630,1,1
1551,K01790.01,6504954,1,3
1552,K00196.01,9410930,1,3
1553,K01793.01,5731623,1,3
1554,K01794.01,6153672,0,4
1555,K01797.01,10676014,1,5
1556,K01866.01,9520838,1,3
1557,K01867.01,8167996,1,3
1558,K01867.02,8167996,1,3
1559,K01867.03,8167996,1,3
1560,K01868.01,6773862,1,4
1561,K01931.02,10978763,1,5
1562,K00210.01,10602291,1,3
1563,K01931.03,10978763,1,5
1564,K01932.01,5202905,1,1
1565,K01933.01,9072190,1,4
1566,K02011.01,5384079,1,1
1567,K02012.01,9839821,1,3
1568,K02013.01,4056616,1,4
1569,K02014.01,6707908,0,2
1570,K02016.01,8492026,1,2
1571,K01798.01,6867766,0,1
1572,K01799.01,6058614,0,3
1573,K01800.01,11017901,1,1
1574,K01801.01,5088591,1,3
1575,K01802.01,11298298,1,1
1576,K01870.01,10187159,1,4
1577,K01871.01,9758089,1,2
1578,K00203.01,10619192,1,1
1579,K01872.01,9883311,1,1
1580,K01873.01,4939346,1,4
1581,K01934.01,4242147,1,3
1582,K01935.01,5396122,0,1
1583,K01937.01,10190777,1,4
1584,K01938.01,9651234,1,5
1585,K01939.01,7045496,1,5
1586,K02017.01,8750043,1,4
1587,K02018.01,9973109,1,4
1588,K02019.01,6226290,1,3
1589,K00217.01,9595827,1,3
1590,K02020.01,9349482,1,3
1591,K01803.01,4349442,1,1
1592,K01805.01,4644952,1,1
1593,K00197.01,2987027,1,4
1594,K01805.02,4644952,1,1
1595,K01805.03,4644952,1,1
1596,K01874.01,8978528,1,1
1597,K01874.02,8978528,1,1
1598,K01875.01,9967771,1,1
1599,K01876.01,11622600,1,4
1600,K01877.01,10454632,1,3
1601,K01940.01,10005788,1,2
1602,K01940.02,10005788,1,2
1603,K00211.01,10656508,1,2
1604,K01941.01,5213902,0,2
1605,K01942.01,2832589,1,4
1606,K01944.01,2438513,1,3
1607,K02021.01,6356207,1,1
1608,K02022.01,8564674,1,3
1609,K02022.02,8564674,1,3
1610,K02023.01,8578780,1,5
1611,K02024.01,4544907,1,4
1612,K01808.01,7761918,1,4
1613,K01809.01,8240797,1,4
1614,K01809.02,8240797,1,4
1615,K01810.01,8164262,0,4
1616,K01812.01,6279974,0,5
1617,K01813.01,9455325,1,4
1618,K01878.01,3098810,1,1
1619,K01879.01,8367644,1,1
1620,K01880.01,10332883,1,5
1621,K00023.01,9071386,0,4
1622,K00204.01,9305831,1,4
1623,K01944.02,2438513,0,3
1624,K01945.01,11656918,1,1
1625,K01945.02,11656918,1,1
1626,K01946.01,10844890,1,4
1627,K01948.01,9536692,0,3
1628,K02025.01,4636578,1,1
1629,K02025.02,4636578,1,1
1630,K02025.03,4636578,1,1
1631,K02026.01,11923284,1,3
1632,K00218.01,9838975,0,4
1633,K01814.01,5621125,1,2
1634,K01815.01,9872283,1,2
1635,K00198.01,10666242,0,3
1636,K01816.01,8624520,1,3
1637,K01818.01,7870032,1,2
1638,K01819.01,9597058,1,2
1639,K01881.01,4035640,1,2
1640,K01882.01,6205228,1,5
1641,K01883.01,11758544,1,5
1642,K01884.01,4851530,1,3
1643,K01884.02,4851530,1,3
1644,K01950.01,3118797,1,2
1645,K01952.01,7747425,1,1
1646,K00212.01,6300348,1,4
1647,K01952.02,7747425,1,1
1648,K01952.03,7747425,1,1
1649,K02028.01,7102316,1,1
1650,K02028.02,7102316,1,1
1651,K02029.01,9489524,1,2
1652,K02029.02,9489524,1,2
1653,K02031.01,5940165,1,1
1654,K01820.01,8277797,1,5
1655,K01820.02,8277797,1,5
1656,K01822.01,5124667,1,4
1657,K01824.01,2989404,1,3
1658,K01824.02,2989404,1,3
1659,K01885.01,11413812,1,2
1660,K01886.01,9549648,1,1
1661,K01888.01,10063802,1,5
1662,K01889.01,11074178,1,4
1663,K01889.02,11074178,1,4
1664,K02248.04,11030475,1,2
1665,K02250.01,5942808,1,1
1666,K02252.01,6206214,1,4
1667,K02253.01,8959839,1,1
1668,K02255.01,7672097,1,1
1669,K02336.01,6142862,0,3
1670,K02337.01,5599774,1,5
1671,K02338.01,8099138,1,3
1672,K02339.01,7033233,1,3
1673,K02339.02,7033233,1,3
1674,K00239.02,6383785,1,5
1675,K02101.01,9411412,1,2
1676,K02102.01,7008211,1,4
1677,K02103.01,7620413,1,3
1678,K00223.01,4545187,1,2
1679,K02104.01,10854546,1,1
1680,K02173.01,11774991,1,3
1681,K02173.02,11774991,1,3
1682,K02174.01,8261920,1,2
1683,K02174.02,8261920,1,2
1684,K02174.03,8261920,1,2
1685,K02256.01,9112931,1,2
1686,K02257.01,9071593,1,3
1687,K02259.01,8126558,1,3
1688,K02260.01,11811193,1,3
1689,K02261.01,3734418,1,3
1690,K02340.01,8681734,1,3
1691,K02341.01,10232693,0,3
1692,K02342.01,10212441,1,2
1693,K02343.01,6119141,1,5
1694,K02344.01,8247771,1,2
1695,K02105.01,8165946,1,4
1696,K02106.01,12017109,1,1
1697,K02107.01,9225395,1,3
1698,K02108.01,10709622,1,4
1699,K02109.01,11499228,1,5
1700,K02175.01,9022166,1,2
1701,K02177.01,10965588,1,2
1702,K02179.01,10670119,1,4
1703,K02179.02,10670119,1,4
1704,K00231.01,4043443,0,5
1705,K00234.01,8491277,1,2
1706,K02261.02,3734418,1,3
1707,K02263.01,8613535,1,3
1708,K02264.01,12256520,1,5
1709,K02265.01,3337432,0,5
1710,K02345.01,5629538,1,1
1711,K02346.01,8561231,1,2
1712,K02347.01,8235924,1,1
1713,K02348.01,6941084,1,1
1714,K02350.01,6200235,1,3
1715,K02110.01,11460462,1,2
1716,K02111.01,8612275,1,5
1717,K02111.02,8612275,1,5
1718,K02113.01,7207061,1,1
1719,K00223.02,4545187,1,2
1720,K02180.01,7286911,1,2
1721,K02181.01,8591173,1,4
1722,K02182.01,6962109,1,2
1723,K02183.01,5706595,1,2
1724,K02183.02,5706595,1,2
1725,K02266.01,10489345,1,4
1726,K02269.01,11774303,0,5
1727,K02271.01,10329469,1,3
1728,K02272.01,9654875,1,1
1729,K02273.01,9717943,1,2
1730,K00240.01,8026752,1,5
1731,K02351.01,1872821,1,1
1732,K02352.01,8013439,1,4
1733,K02352.02,8013439,1,4
1734,K02352.03,8013439,1,4
1735,K02113.02,7207061,1,1
1736,K02114.01,6921944,1,5
1737,K02115.01,9532052,1,4
1738,K02116.01,8164012,1,5
1739,K02117.01,4140813,1,4
1740,K02185.01,8611781,1,2
1741,K02186.01,3097926,1,2
1742,K02188.02,10518424,1,3
1743,K02189.01,5730445,1,4
1744,K02191.01,5601258,1,3
1745,K02274.01,7960980,1,1
1746,K00235.01,8107225,1,2
1747,K02276.01,3458028,1,1
1748,K02278.01,3342794,1,5
1749,K02278.02,3342794,1,5
1750,K02358.01,5716932,1,1
1751,K00241.01,11288051,1,4
1752,K02360.01,7515670,0,2
1753,K02361.01,11566256,1,4
1754,K02362.02,8495415,1,3
1755,K02119.01,4055304,1,3
1756,K02120.01,4857213,1,3
1757,K02121.01,9415108,1,5
1758,K02122.01,4262581,1,5
1759,K02123.01,8591693,1,1
1760,K00232.01,4833421,1,5
1761,K02193.01,8282651,1,4
1762,K02194.01,3548044,1,1
1763,K02195.01,11401767,1,4
1764,K02200.01,10909127,1,5
1765,K02279.01,3661886,1,3
1766,K02279.02,3661886,1,3
1767,K02280.01,2439243,1,5
1768,K02281.01,9221517,1,4
1769,K02282.01,6751874,1,3
1770,K02368.01,10863608,1,1
1771,K02369.01,5602588,1,1
1772,K00241.02,11288051,1,4
1773,K02369.02,5602588,1,1
1774,K02370.01,5385304,1,3
1775,K00224.01,5547480,0,5
1776,K02124.01,11462341,1,4
1777,K02125.01,9405595,1,5
1778,K02126.01,3546060,1,3
1779,K02128.01,7019489,0,1
1780,K02201.01,2141783,0,2
1781,K02202.01,4144576,1,3
1782,K02204.01,8494542,1,4
1783,K02205.01,9992325,1,5
1784,K02206.01,11073656,1,2
1785,K02283.01,10206675,0,3
1786,K02285.01,9945370,1,5
1787,K00027.01,3832716,0,3
1788,K00236.01,8453211,0,1
1789,K02286.01,8973129,1,1
1790,K02353.01,12505654,1,3
1791,K02354.01,7215678,1,1
1792,K02355.01,11670125,1,2
1793,K02356.01,11461844,1,1
1794,K02357.01,7449554,1,5
1795,K02129.01,9351920,1,3
1796,K02130.01,2161536,1,1
1797,K02131.01,10549023,1,3
1798,K02132.01,9661979,1,3
1799,K02133.01,8219268,1,2
1800,K02208.01,10531955,1,4
1801,K00232.02,4833421,1,5
1802,K02209.01,8168187,1,1
1803,K02210.01,4142847,1,2
1804,K02212.01,10203349,1,5
1805,K02287.01,9718066,1,5
1806,K02288.01,3440978,1,3
1807,K02289.01,3867615,1,2
1808,K02290.01,12121570,1,4
1809,K02291.01,8410415,1,3
1810,K02363.01,7987866,1,4
1811,K02364.01,9532710,1,1
1812,K02365.01,11560897,1,4
1813,K02366.01,11342416,1,1
1814,K02367.01,9086251,1,1
1815,K02134.01,4254466,1,3
1816,K00225.01,5801571,0,4
1817,K02135.01,9904006,1,4
1818,K02136.01,5288570,0,2
1819,K02137.01,9364609,1,2
1820,K02213.01,7457296,1,4
1821,K02214.01,10328458,1,2
1822,K02215.01,7050060,0,1
1823,K02216.01,4248120,1,2
1824,K02217.01,9580992,1,1
1825,K02293.01,8321314,1,4
1826,K02294.01,6934986,1,5
1827,K02295.01,4049901,1,4
1828,K02296.01,11498128,1,4
1829,K00237.01,8041216,1,2
1830,K02371.01,11824786,1,3
1831,K02372.01,12254909,1,4
1832,K02373.01,10798331,1,4
1833,K02374.01,9364290,1,2
1834,K02374.02,9364290,1,2
1835,K02138.01,5022828,1,2
1836,K02140.01,8233702,1,3
1837,K02143.01,11403339,1,1
1838,K02144.01,8260902,1,5
1839,K02145.01,8381204,1,3
1840,K02218.01,12058204,1,1
1841,K02218.02,12058204,1,1
1842,K00232.03,4833421,1,5
1843,K02219.01,5357545,1,4
1844,K02220.01,6871071,1,1
1845,K02297.01,5342473,1,5
1846,K02298.01,9334893,1,3
1847,K02299.01,9963265,1,1
1848,K02300.01,10583761,1,4
1849,K02302.01,7542813,1,1
1850,K02072.01,12058147,1,4
1851,K02073.01,8164257,1,4
1852,K02073.02,8164257,1,4
1853,K02073.03,8164257,1,4
1854,K00025.01,10593759,0,2
1855,K02146.01,6774537,1,2
1856,K02147.01,10404582,1,3
1857,K00226.01,5959753,1,3
1858,K02148.01,6021193,1,1
1859,K02148.02,6021193,1,1
1860,K02220.02,6871071,1,1
1861,K02220.03,6871071,1,1
1862,K02221.01,6287313,1,1
1863,K02222.01,9289704,1,4
1864,K02223.01,9278725,1,2
1865,K02303.01,4458082,1,2
1866,K02304.01,8042453,1,4
1867,K02305.01,10874215,1,3
1868,K02306.01,6666233,0,5
1869,K02307.01,7661065,0,5
1870,K00221.02,3937519,1,1
1871,K02074.01,8866137,1,1
1872,K02075.01,10857519,1,1
1873,K02076.01,9517393,1,3
1874,K02078.01,9351316,1,4
1875,K02148.03,6021193,1,1
1876,K02149.01,10617017,1,4
1877,K02150.01,3229150,1,2
1878,K02151.01,7989422,0,5
1879,K02152.01,9641481,1,2
1880,K02224.01,8892157,1,4
1881,K02224.02,8892157,1,4
1882,K02225.01,11569782,1,5
1883,K00232.04,4833421,1,5
1884,K02226.01,11520459,1,2
1885,K00238.01,7219825,1,5
1886,K02308.01,3749978,1,2
1887,K02309.01,10010440,1,5
1888,K02310.01,11718144,1,3
1889,K02311.01,4247991,1,4
1890,K02311.02,4247991,1,4
1891,K02312.01,10026544,1,4
1892,K02079.01,9473078,1,5
1893,K02080.01,10864531,1,3
1894,K02080.02,10864531,1,3
1895,K02081.01,2853780,1,2
1896,K02082.01,9472000,1,5
1897,K02153.01,10253547,1,3
1898,K02153.02,10253547,1,3
1899,K02154.01,12505076,1,4
1900,K00227.01,6185476,1,3
1901,K02155.01,12116380,1,2
1902,K02156.01,2556650,1,5
1903,K02227.01,10600955,1,2
1904,K02228.01,10801100,0,5
1905,K02229.01,4473226,1,3
1906,K02230.01,8914779,0,1
1907,K02232.01,2854181,1,3
1908,K02233.01,8963721,0,4
1909,K02313.01,10132832,1,1
1910,K02314.01,3219995,1,2
1911,K02315.01,6062929,1,1
1912,K02316.01,7504778,1,5
1913,K00238.02,7219825,1,5
1914,K02083.01,7097965,1,5
1915,K00222.01,4249725,1,4
1916,K02084.01,3967326,1,5
1917,K02086.01,6768394,1,4
1918,K02086.02,6768394,1,4
1919,K02158.01,5211199,1,4
1920,K02159.01,8804455,1,1
1921,K02159.02,8804455,0,1
1922,K02160.01,5546761,1,4
1923,K02160.02,5546761,1,4
1924,K02162.01,9205938,1,2
1925,K02236.01,10723367,1,3
1926,K02236.02,10723367,1,3
1927,K02237.01,5005121,1,4
1928,K00232.05,4833421,1,5
1929,K02238.01,8229458,1,4
1930,K02317.01,10684670,1,1
1931,K02318.01,11495458,1,4
1932,K02319.01,9003401,1,3
1933,K02321.01,5978559,1,2
1934,K02323.01,8872048,1,4
1935,K02324.01,7746958,1,1
1936,K02086.03,6768394,1,4
1937,K02087.01,6922710,1,4
1938,K02090.01,11348997,1,5
1939,K02091.01,5705819,1,5
1940,K02092.01,6696580,1,5
1941,K02163.01,11358389,1,1
1942,K02164.01,7204981,1,3
1943,K00229.01,3847907,1,3
1944,K02166.01,4370527,1,5
1945,K02167.01,6041734,1,1
1946,K02241.01,5125347,1,2
1947,K02242.01,9336200,1,5
1948,K02243.01,4770617,1,4
1949,K02245.01,4454934,1,1
1950,K02246.01,9458343,1,1
1951,K02325.01,7120108,1,4
1952,K02327.01,10730703,1,5
1953,K02328.01,8007644,1,3
1954,K02329.01,11192235,1,3
1955,K00239.01,6383785,1,5
1956,K02092.02,6696580,1,5
1957,K02093.01,6525946,1,4
1958,K00222.02,4249725,1,4
1959,K02094.01,8505920,1,2
1960,K02095.01,7918992,1,5
1961,K02167.02,6041734,1,1
1962,K02168.01,11308499,1,4
1963,K02168.02,11308499,1,4
1964,K02169.01,9006186,1,1
1965,K02169.02,9006186,1,1
1966,K02247.01,7802719,1,5
1967,K02248.01,11030475,1,2
1968,K02248.02,11030475,1,2
1969,K02248.03,11030475,1,2
1970,K00233.01,5023956,0,4
1971,K02331.01,12401863,1,1
1972,K02332.01,5534941,1,1
1973,K02333.01,11121752,1,3
1974,K02333.02,11121752,1,3
1975,K02335.01,2990873,1,4
1976,K02096.01,9307509,1,4
1977,K02097.01,10158729,1,5
1978,K02098.01,6105462,1,2
1979,K02099.01,3120355,1,3
1980,K02100.01,6047072,1,2
1981,K02169.03,9006186,1,1
1982,K02169.04,9006186,1,1
1983,K02171.01,11410904,1,4
1984,K00026.01,5021737,0,4
1985,K00230.01,3862246,0,5
1986,K02172.01,4173026,1,2
1987,K02554.01,10471621,1,3
1988,K02554.02,10471621,1,3
1989,K02555.01,5350244,1,5
1990,K02556.01,5374403,1,1
1991,K02557.01,10925113,0,1
1992,K02633.01,11769801,0,4
1993,K00253.02,11752906,1,5
1994,K02634.01,1995519,1,1
1995,K02635.01,4914566,1,1
1996,K02636.01,6198182,1,3
1997,K02409.01,10024051,1,2
1998,K02410.01,8676038,0,4
1999,K00244.01,4349452,1,4
2000,K02410.02,8676038,0,4
2001,K02411.01,8073806,1,3
2002,K02412.01,10419312,0,1
2003,K02413.01,3234598,1,2
2004,K02484.01,10453588,1,4
2005,K02485.01,11125613,1,3
2006,K02486.01,8074328,1,1
2007,K02487.01,7212184,1,4
2008,K00031.01,6956014,0,1
2009,K00250.02,9757613,1,5
2010,K02558.01,5307858,0,3
2011,K02559.01,6605493,1,2
2012,K02560.01,4670217,1,2
2013,K02561.01,7259298,1,1
2014,K02637.01,9574179,1,4
2015,K02638.01,6211812,1,1
2016,K02639.01,11391755,1,3
2017,K02639.02,11391755,1,3
2018,K02640.01,9088780,1,2
2019,K02641.01,8894646,1,5
2020,K02413.02,3234598,1,2
2021,K02414.01,8611832,1,3
2022,K02414.02,8611832,1,3
2023,K02415.01,5621586,1,4
2024,K02416.01,9210387,1,5
2025,K00247.01,11852982,1,5
2026,K02488.01,8559152,1,4
2027,K02489.01,2718778,1,4
2028,K02490.01,3122913,1,4
2029,K02491.01,9229657,1,1
2030,K02562.01,10415227,0,2
2031,K02563.01,5175024,1,3
2032,K02564.01,9026749,1,1
2033,K02565.01,12216278,0,1
2034,K02566.01,9159242,0,1
2035,K02642.01,12061096,0,1
2036,K00254.01,5794240,1,5
2037,K02643.01,6933567,1,1
2038,K02644.01,9993529,0,5
2039,K02645.01,11303815,0,4
2040,K02646.01,6044553,0,5
2041,K02417.01,9654468,1,1
2042,K00244.02,4349452,1,4
2043,K02418.01,10027247,1,5
2044,K02419.01,6343170,1,1
2045,K02420.01,7107802,1,4
2046,K02492.01,11752632,1,2
2047,K02493.01,10028535,1,2
2048,K02494.01,7047207,1,4
2049,K02495.01,5212220,0,5
2050,K02496.01,9964748,0,5
2051,K02567.01,9842937,0,1
2052,K00250.03,9757613,1,5
2053,K02569.01,8247770,1,3
2054,K02571.01,6867588,1,1
2055,K02572.01,7501646,1,4
2056,K02647.01,11962284,1,3
2057,K02648.01,2573056,0,4
2058,K02649.01,6842682,1,4
2059,K02650.01,8890150,1,1
2060,K02650.02,8890150,1,1
2061,K02421.01,8838950,1,5
2062,K02422.01,11360805,1,3
2063,K02423.01,9845898,1,5
2064,K02424.01,12453581,1,3
2065,K02425.01,11922678,0,4
2066,K02497.01,11179076,1,1
2067,K00248.01,5364071,1,3
2068,K02498.01,5959719,1,2
2069,K02499.01,5544903,0,2
2070,K02501.01,5542983,0,5
2071,K02573.01,8256453,0,4
2072,K02574.01,9474493,0,1
2073,K02576.01,4551663,0,1
2074,K02577.01,12257999,1,4
2075,K02578.01,6922203,1,2
2076,K02651.01,11752908,0,1
2077,K00255.01,7021681,1,5
2078,K02652.01,4346178,1,2
2079,K02654.01,9664142,1,3
2080,K02655.01,10018233,1,3
2081,K02426.01,8081899,1,5
2082,K02427.01,10189557,0,3
2083,K00245.01,8478994,1,4
2084,K02428.01,9965184,0,3
2085,K02429.01,9911882,0,5
2086,K02503.01,8631504,1,4
2087,K02504.01,8110767,1,2
2088,K02505.01,5471574,0,5
2089,K02506.01,6767840,1,3
2090,K02507.01,8379705,1,4
2091,K02579.01,9896018,1,3
2092,K02580.01,11037511,1,2
2093,K00250.04,9757613,1,5
2094,K02581.01,11818872,1,5
2095,K02582.01,11771430,1,3
2096,K02668.01,5513012,1,4
2097,K02669.01,11761199,0,2
2098,K02670.01,8074805,0,1
2099,K02671.01,2437505,1,4
2100,K02671.02,2437505,0,4
2101,K02672.01,11253827,1,5
2102,K02430.01,3533469,0,5
2103,K02431.01,8956706,0,3
2104,K02432.01,7047363,1,1
2105,K02433.01,11968463,1,3
2106,K02433.02,11968463,1,3
2107,K02508.01,8836888,1,1
2108,K02509.01,9880190,1,4
2109,K00248.02,5364071,1,3
2110,K02510.01,5392702,0,4
2111,K02511.01,8429566,0,4
2112,K02583.01,10387742,1,5
2113,K02585.01,7673841,1,2
2114,K02586.01,9827149,1,1
2115,K02587.01,5546691,1,3
2116,K02588.01,12156347,1,4
2117,K02656.01,8636539,1,4
2118,K02657.01,9283156,1,2
2119,K02658.01,8547429,1,2
2120,K02659.01,8803882,0,5
2121,K02660.01,9893318,1,2
2122,K02434.01,6864885,0,4
2123,K02435.01,5097868,0,3
2124,K02436.01,8570333,1,3
2125,K00245.02,8478994,1,4
2126,K02437.01,5036705,1,5
2127,K02512.01,9574158,1,3
2128,K02513.01,9653622,1,4
2129,K02514.01,4391348,0,1
2130,K02516.01,7294743,1,4
2131,K02517.01,8947520,1,2
2132,K02589.01,10468885,1,2
2133,K02590.01,12016267,0,3
2134,K02592.01,6765135,1,4
2135,K00004.01,3861595,1,1
2136,K00033.01,5725087,0,5
2137,K00251.01,10489206,1,1
2138,K02662.01,3426367,1,4
2139,K02664.01,5562090,1,2
2140,K00256.01,11548140,0,4
2141,K02665.01,12110786,0,4
2142,K02666.01,5342061,1,1
2143,K02667.01,3654095,0,1
2144,K02438.01,5078939,0,5
2145,K02439.01,6867555,1,2
2146,K02440.01,5339567,1,2
2147,K02441.01,4459924,0,2
2148,K02442.01,11080405,1,1
2149,K02518.01,5529738,0,3
2150,K02519.01,4047631,1,3
2151,K02520.01,10059645,1,3
2152,K00248.03,5364071,1,3
2153,K02521.01,7183745,1,1
2154,K02593.01,8212002,1,5
2155,K02594.01,8004903,1,3
2156,K02595.01,8883329,1,3
2157,K02595.02,8883329,1,3
2158,K02596.01,3644653,0,1
2159,K02672.02,11253827,1,5
2160,K00257.01,5514383,1,2
2161,K02673.01,10747445,0,5
2162,K02674.01,8022489,1,1
2163,K02674.02,8022489,1,1
2164,K02674.03,8022489,1,1
2165,K02443.01,9209624,1,2
2166,K02443.02,9209624,1,2
2167,K02444.01,3354846,1,3
2168,K02445.01,6516185,1,4
2169,K00245.03,8478994,1,4
2170,K02447.01,3946023,0,5
2171,K02521.02,7183745,1,1
2172,K02522.01,9177629,1,4
2173,K02523.01,7778767,1,4
2174,K02524.01,7515762,1,2
2175,K02525.01,5942949,1,2
2176,K02597.01,12120307,1,4
2177,K02597.02,12120307,1,4
2178,K02597.03,12120307,1,4
2179,K02598.01,7446631,1,2
2180,K02600.01,9777251,0,4
2181,K02375.01,6864893,0,4
2182,K02376.01,11701407,1,5
2183,K02377.01,5906426,1,2
2184,K00241.03,11288051,1,4
2185,K02378.01,10813132,1,2
2186,K02448.01,5857540,1,1
2187,K02449.01,12208631,1,4
2188,K02450.01,7289317,1,3
2189,K02451.01,6500206,0,3
2190,K02452.01,5545815,0,1
2191,K02526.01,3116302,0,5
2192,K02527.01,7879433,1,1
2193,K02528.01,9205907,1,1
2194,K02529.01,8463346,1,5
2195,K00248.04,5364071,1,3
2196,K00251.02,10489206,1,1
2197,K02601.01,7531677,0,2
2198,K02602.01,10068659,1,1
2199,K02603.01,2443393,1,2
2200,K02604.01,9019191,1,3
2201,K02379.01,9718379,0,5
2202,K02380.01,3002478,1,3
2203,K02381.01,4055774,0,2
2204,K02382.01,6670075,0,5
2205,K02383.01,9395024,1,2
2206,K02453.01,8631751,1,2
2207,K02454.01,11401822,0,1
2208,K02455.01,6507427,0,3
2209,K02456.01,5521300,0,1
2210,K00245.04,8478994,1,4
2211,K02457.01,9753154,1,4
2212,K02530.01,9011825,1,1
2213,K02531.01,4172746,1,4
2214,K02532.01,5174858,1,1
2215,K02533.01,11074835,1,2
2216,K02534.01,1996180,1,1
2217,K02605.01,10407221,0,4
2218,K02606.01,5991936,0,3
2219,K02607.01,5095635,1,1
2220,K02608.01,6269070,1,2
2221,K02609.01,6705137,0,5
2222,K02384.01,12254688,1,1
2223,K02385.01,8345172,0,5
2224,K02386.01,4172013,1,2
2225,K02387.01,12254378,1,1
2226,K00028.01,4247791,0,4
2227,K02458.01,7604328,1,1
2228,K02460.01,11236244,1,3
2229,K02461.01,9837685,1,5
2230,K02462.01,5042210,1,5
2231,K02463.01,12454461,1,5
2232,K02534.02,1996180,1,1
2233,K02535.01,9635606,1,5
2234,K02536.01,3728701,1,3
2235,K02537.01,10861715,0,1
2236,K02538.01,1849702,1,5
2237,K00249.01,9390653,1,2
2238,K02610.01,2305866,1,3
2239,K00252.01,11187837,1,2
2240,K02611.01,8885673,0,2
2241,K02613.01,9712350,1,5
2242,K02615.01,8025596,1,4
2243,K02616.01,5956787,0,5
2244,K00242.01,3642741,0,5
2245,K02388.01,12071037,0,2
2246,K02389.01,8494617,1,5
2247,K02390.01,10289119,1,4
2248,K02392.01,7382313,1,3
2249,K02464.01,9887224,0,5
2250,K02465.01,7542369,0,2
2251,K02466.01,8544992,1,2
2252,K02466.02,8544992,1,2
2253,K00246.01,11295426,1,3
2254,K02539.01,7289162,0,1
2255,K02540.01,3001885,0,4
2256,K02541.01,12306058,1,5
2257,K02542.01,6183511,1,5
2258,K02543.01,12469800,1,3
2259,K02617.01,4915638,1,1
2260,K02618.01,6351097,0,5
2261,K02619.01,8081905,1,4
2262,K02620.01,11465950,1,2
2263,K02621.01,9996632,0,5
2264,K02393.01,4665571,1,4
2265,K02395.01,4829935,0,2
2266,K02397.01,9269042,1,1
2267,K02398.01,6199056,0,3
2268,K02399.01,11461433,1,1
2269,K02467.01,11818607,1,5
2270,K02468.01,8380709,1,1
2271,K02469.01,6149910,1,3
2272,K02470.01,9108085,0,2
2273,K02471.01,5436013,1,1
2274,K02544.01,8676148,1,2
2275,K02545.01,9696358,1,3
2276,K02546.01,5039129,0,1
2277,K02547.01,4484336,1,5
2278,K02548.01,9580167,1,4
2279,K00250.01,9757613,1,5
2280,K02622.01,10527135,0,2
2281,K00253.01,11752906,1,5
2282,K02623.01,10916600,1,2
2283,K02624.01,8429314,1,3
2284,K02625.01,9153570,1,1
2285,K02626.01,11768142,1,3
2286,K02400.01,7984574,1,4
2287,K00243.01,9592579,0,3
2288,K02401.01,10336951,1,2
2289,K02402.01,8481129,1,2
2290,K02403.01,2142522,1,5
2291,K02472.01,9395719,1,2
2292,K02473.01,8753896,1,1
2293,K02474.01,8240617,1,5
2294,K02475.01,8746295,0,5
2295,K02476.01,10090257,0,4
2296,K00246.02,11295426,1,3
2297,K02549.01,10679583,0,1
2298,K02550.01,11622985,1,4
2299,K02551.01,11361283,1,2
2300,K02552.01,8757824,1,5
2301,K02553.01,9832208,1,3
2302,K02627.01,6124512,1,4
2303,K02628.01,10070468,1,1
2304,K02629.01,10031656,0,4
2305,K02631.01,7584650,1,4
2306,K02632.01,11337566,1,2
2307,K02404.01,6364215,1,1
2308,K02405.01,10202759,0,1
2309,K02406.01,5007345,1,2
2310,K02407.01,12120484,1,3
2311,K02408.01,6429812,1,3
2312,K02477.01,6846911,1,4
2313,K02478.01,5385439,0,2
2314,K02479.01,5963582,1,2
2315,K02481.01,4476423,0,2
2316,K02482.01,11403389,1,4
2317,K02483.01,9851662,1,4
2318,K02840.01,6467363,1,3
2319,K02840.02,6467363,1,3
2320,K02841.01,8758204,1,5
2321,K02842.01,8733898,1,3
2322,K02842.02,8733898,1,3
2323,K02917.01,3228945,0,2
2324,K02918.01,7008149,0,4
2325,K02919.01,10332213,1,2
2326,K02920.01,7090524,1,3
2327,K00276.01,11133306,1,3
2328,K02702.01,6307063,0,2
2329,K02703.01,5871985,1,4
2330,K00260.02,8292840,1,5
2331,K02704.01,9730163,1,2
2332,K02704.02,9730163,1,2
2333,K02705.01,11453592,1,2
2334,K02763.01,3834322,0,2
2335,K02764.01,10073672,1,5
2336,K02765.01,11188249,0,4
2337,K02766.01,4677282,0,1
2338,K02767.01,5097470,0,2
2339,K02844.01,4858610,0,4
2340,K02845.01,10591855,1,1
2341,K02846.01,4832175,0,4
2342,K02848.01,7749773,1,2
2343,K00271.03,9451706,1,5
2344,K02849.01,10064256,1,3
2345,K02921.01,6842807,1,1
2346,K02922.01,4381282,0,2
2347,K02923.01,9815053,1,1
2348,K02924.01,7609553,1,5
2349,K02926.01,10122538,1,5
2350,K02926.02,10122538,1,5
2351,K02706.01,9697131,1,3
2352,K02707.01,5480640,1,3
2353,K02707.02,5480640,1,3
2354,K02707.03,5480640,1,3
2355,K02708.01,5175986,1,2
2356,K02768.01,9008737,1,4
2357,K02768.02,9008737,1,4
2358,K02769.01,9692128,0,5
2359,K02770.01,10917043,1,1
2360,K00041.02,6521045,1,2
2361,K00267.01,8167959,0,4
2362,K02850.01,4075015,0,5
2363,K02851.01,6697605,1,4
2364,K02851.02,6697605,1,4
2365,K02852.01,6294819,1,1
2366,K02853.01,12602314,1,4
2367,K02927.01,5787131,1,2
2368,K02928.01,3230753,0,5
2369,K02929.01,8358012,0,4
2370,K02930.01,4664046,0,4
2371,K00277.01,11401755,1,1
2372,K02709.01,4180401,0,3
2373,K02710.01,6350476,0,3
2374,K00260.03,8292840,1,5
2375,K02711.01,5272233,1,5
2376,K02711.02,5272233,1,5
2377,K02771.01,11456382,0,4
2378,K02773.01,3130548,0,1
2379,K02774.01,9593757,0,2
2380,K02775.01,6346809,1,3
2381,K02776.01,4275117,0,2
2382,K02777.01,6545051,0,3
2383,K02854.01,5513866,0,2
2384,K02855.01,4547603,1,1
2385,K02856.01,5688910,1,2
2386,K02857.01,6345732,1,4
2387,K00272.01,5716763,1,5
2388,K02857.02,6345732,1,4
2389,K02931.01,8611257,1,5
2390,K02932.01,3861611,0,2
2391,K02933.01,12416987,1,1
2392,K02935.01,8259713,1,2
2393,K02936.01,10880507,1,2
2394,K02712.01,11098013,1,4
2395,K02713.01,5443604,0,5
2396,K02714.01,12206313,1,2
2397,K02714.02,12206313,1,2
2398,K02715.01,9837661,1,3
2399,K02778.01,7769819,1,2
2400,K02779.01,11874577,1,3
2401,K02780.01,12164564,1,5
2402,K02781.01,8190354,0,5
2403,K00268.01,3425851,1,3
2404,K02859.01,10397751,1,4
2405,K02859.02,10397751,1,4
2406,K02859.03,10397751,1,4
2407,K02861.01,7815931,0,3
2408,K02862.01,6679295,1,2
2409,K02946.01,9642292,1,3
2410,K02948.01,6356692,1,5
2411,K02949.01,6026737,1,1
2412,K02951.01,4991208,1,3
2413,K02952.01,8243283,0,2
2414,K02715.02,9837661,1,3
2415,K02715.03,9837661,1,3
2416,K02716.01,9092504,1,1
2417,K00261.01,5383248,1,3
2418,K02716.02,9092504,1,1
2419,K02785.01,10001368,1,1
2420,K02786.01,9466429,1,3
2421,K02787.01,4365442,0,4
2422,K02789.01,8885643,1,4
2423,K02790.01,5652893,1,3
2424,K02863.01,3241557,0,3
2425,K02864.01,3957082,0,2
2426,K02865.01,8681833,1,2
2427,K02866.01,4138951,1,1
2428,K00273.01,3102384,1,5
2429,K02961.01,10471515,1,1
2430,K02962.01,4935172,1,2
2431,K02963.01,8760040,1,3
2432,K02963.02,8760040,1,3
2433,K02964.01,10098844,1,4
2434,K02717.01,9467404,1,2
2435,K02718.01,5308666,0,3
2436,K02719.01,5184911,1,3
2437,K02720.01,8176564,1,1
2438,K02721.01,6587105,1,2
2439,K02791.01,11662184,1,4
2440,K02792.01,11127479,1,2
2441,K02794.01,5428668,0,3
2442,K02795.01,5041569,0,4
2443,K02797.01,10604521,1,2
2444,K02867.01,9899181,0,2
2445,K02867.02,9899181,0,2
2446,K02868.01,8884274,1,1
2447,K02869.01,7767162,1,5
2448,K02870.01,4861791,0,5
2449,K02942.01,4385148,1,4
2450,K02942.02,4385148,1,4
2451,K02943.01,9838468,1,1
2452,K02944.01,6781548,0,3
2453,K02945.01,8617363,1,5
2454,K00277.02,11401755,1,1
2455,K02722.01,7673192,1,2
2456,K02722.02,7673192,1,2
2457,K02722.03,7673192,1,2
2458,K02722.04,7673192,1,2
2459,K00262.01,11807274,1,2
2460,K00269.01,7670943,1,1
2461,K02798.01,6697756,1,3
2462,K02799.01,5649833,0,5
2463,K02800.01,10518399,0,4
2464,K02801.01,5905822,1,1
2465,K02871.01,10793172,1,1
2466,K02871.02,10793172,1,1
2467,K02872.01,7136729,0,1
2468,K02873.01,6364276,0,4
2469,K02876.01,4367854,1,3
2470,K02955.01,5108946,0,1
2471,K02956.01,8801316,1,5
2472,K02958.01,10597693,1,5
2473,K02959.01,7466270,1,3
2474,K02960.01,10876237,0,3
2475,K00279.01,12314973,1,1
2476,K02723.01,3346154,1,4
2477,K02724.01,5308387,0,5
2478,K02725.01,6233573,0,5
2479,K02726.01,10363281,0,2
2480,K02727.01,4861527,0,5
2481,K02802.01,5775129,1,3
2482,K02803.01,9898447,1,4
2483,K02804.01,5307568,0,2
2484,K02805.01,11135308,1,4
2485,K02807.01,2985587,1,2
2486,K00041.03,6521045,1,2
2487,K00274.01,8077137,1,2
2488,K02877.01,7019524,1,2
2489,K02878.01,5106313,1,3
2490,K02880.01,9825174,1,4
2491,K02882.01,5642620,1,2
2492,K02965.01,8429415,0,5
2493,K02966.01,5014903,0,3
2494,K02967.01,5980783,1,1
2495,K02968.01,8873090,1,4
2496,K02969.01,8560804,0,3
2497,K02729.01,12008872,1,4
2498,K02730.01,8415200,1,2
2499,K02731.01,4072333,0,5
2500,K02732.01,9886361,1,4
2501,K02732.03,9886361,1,4
2502,K02808.01,3730335,0,1
2503,K00270.01,6528464,1,2
2504,K02809.01,7428316,0,1
2505,K02810.01,10275766,0,4
2506,K02810.02,10275766,0,4
2507,K02811.01,6370120,0,1
2508,K02882.02,5642620,0,2
2509,K02883.01,5209845,1,5
2510,K02884.01,9652649,0,3
2511,K02885.01,11100670,0,5
2512,K02886.01,6129524,1,1
2513,K02675.01,5794570,1,4
2514,K02675.02,5794570,1,4
2515,K02676.01,5649325,0,3
2516,K02677.01,9958387,1,1
2517,K02678.01,6779260,1,4
2518,K00262.02,11807274,1,2
2519,K02733.01,5953297,1,1
2520,K02734.01,7659389,1,3
2521,K02735.01,9472074,1,3
2522,K02736.01,10842192,1,5
2523,K02812.01,2442448,1,1
2524,K02813.01,11197853,1,3
2525,K02815.01,9665922,0,1
2526,K02816.01,11283615,1,3
2527,K02817.01,7605093,1,2
2528,K02887.01,3859363,0,2
2529,K00274.02,8077137,1,2
2530,K02888.01,12023078,0,1
2531,K02889.01,6364162,0,2
2532,K02890.01,7463685,1,1
2533,K02679.01,6716021,1,1
2534,K00258.01,11231334,0,3
2535,K02680.01,8326342,1,5
2536,K02681.01,6878240,1,4
2537,K02681.02,6878240,1,4
2538,K02682.01,2436378,0,3
2539,K02737.01,6614629,0,4
2540,K02738.01,6630943,0,1
2541,K02739.01,4831728,1,2
2542,K02739.02,4831728,1,2
2543,K02740.01,3336765,0,4
2544,K02819.01,4270565,0,5
2545,K00270.02,6528464,1,2
2546,K02820.01,11963206,1,5
2547,K02821.01,4249611,1,3
2548,K02822.01,8263545,1,1
2549,K02891.01,10068024,0,1
2550,K02892.01,9636563,0,2
2551,K02894.01,6937402,1,2
2552,K02895.01,5475641,0,3
2553,K02896.01,2853828,0,5
2554,K02683.01,7899070,1,2
2555,K02684.01,4035667,0,4
2556,K02685.01,9612825,0,1
2557,K02686.01,7826659,1,1
2558,K02687.01,7202957,1,3
2559,K02741.01,5513893,0,4
2560,K00263.01,10514430,0,3
2561,K02743.01,8095441,1,4
2562,K02744.01,5881813,1,4
2563,K02745.01,12456601,1,2
2564,K02823.01,10341917,0,1
2565,K02824.01,3241604,0,3
2566,K02825.01,9591070,0,5
2567,K02826.01,8227661,0,4
2568,K02827.01,7428736,1,1
2569,K02897.01,5817986,0,2
2570,K02898.01,11129258,1,4
2571,K00275.01,10586004,1,2
2572,K02899.01,4939533,1,5
2573,K02900.01,4846856,1,1
2574,K02687.02,7202957,1,3
2575,K00041.01,6521045,1,2
2576,K00259.01,5790807,0,2
2577,K02688.01,8892303,1,3
2578,K02689.01,10265602,1,5
2579,K02690.01,5369827,1,4
2580,K02746.01,5302643,0,3
2581,K02747.01,6586746,1,5
2582,K02748.01,9962455,1,1
2583,K02748.02,9962455,1,1
2584,K02749.01,8687088,0,3
2585,K02828.01,6436029,1,3
2586,K02829.01,6197215,1,4
2587,K00271.01,9451706,1,5
2588,K02830.01,9244508,1,2
2589,K02831.01,9692557,0,4
2590,K02901.01,9366886,0,4
2591,K02903.01,3657176,0,2
2592,K02904.01,3969687,1,3
2593,K02905.01,9369366,0,4
2594,K02906.01,6716545,1,1
2595,K02691.01,4552729,1,5
2596,K02692.01,2989706,0,4
2597,K02693.01,5185897,1,4
2598,K02693.02,5185897,1,4
2599,K02693.03,5185897,1,4
2600,K02750.01,3663173,1,3
2601,K02751.01,9881077,1,1
2602,K00264.01,3097346,0,5
2603,K02752.01,5717567,0,3
2604,K02753.01,6265792,1,3
2605,K02832.01,9995402,1,5
2606,K02833.01,9109857,1,1
2607,K02834.01,5609593,1,1
2608,K02835.01,5436338,1,2
2609,K02836.01,11414465,1,3
2610,K02906.02,6716545,1,1
2611,K02907.01,2708885,0,1
2612,K02908.01,6612284,0,1
2613,K00275.02,10586004,1,2
2614,K02910.01,4483138,1,3
2615,K02694.01,9475552,1,4
2616,K02694.02,9475552,1,4
2617,K00260.01,8292840,1,5
2618,K02695.01,5196864,1,2
2619,K02696.01,11071200,1,5
2620,K02696.02,11071200,1,5
2621,K02754.01,10905911,1,1
2622,K02755.01,3545135,1,3
2623,K02756.01,6964929,1,3
2624,K02757.01,6432345,1,3
2625,K02758.01,8703129,1,5
2626,K02837.01,11565924,1,5
2627,K02838.01,6607357,1,3
2628,K02838.02,6607357,1,3
2629,K00271.02,9451706,1,5
2630,K02839.01,6186964,1,2
2631,K02911.01,5471202,0,3
2632,K02912.01,9640439,0,1
2633,K02913.01,9693006,1,4
2634,K02914.01,6837283,1,2
2635,K02915.01,5613821,1,1
2636,K02697.01,6627507,0,4
2637,K02698.01,5128673,1,4
2638,K02699.01,6690836,1,1
2639,K02700.01,8639908,1,5
2640,K02701.01,5481148,0,3
2641,K02759.01,11076400,1,2
2642,K02760.01,7877978,1,4
2643,K02761.01,7903086,0,2
2644,K00265.01,12024120,1,2
2645,K02762.01,8210018,1,5
2646,K00301.01,3642289,1,2
2647,K00301.02,3642289,1,2
2648,K00302.01,3662838,1,5
2649,K00303.01,5966322,1,3
2650,K00304.01,6029239,1,2
2651,K00359.01,12106929,0,3
2652,K00360.01,12107021,0,3
2653,K00061.01,8248939,0,3
2654,K00361.01,12404954,1,4
2655,K00362.01,1571511,0,2
2656,K00363.01,2438070,0,4
2657,K03005.01,3747262,0,1
2658,K03007.01,10190075,1,2
2659,K03008.01,9070666,1,4
2660,K03010.01,3642335,1,5
2661,K03011.01,3328052,0,1
2662,K03086.01,10749059,1,1
2663,K03087.01,9119568,0,4
2664,K03087.02,9119568,0,4
2665,K03088.01,9020114,1,2
2666,K00285.01,6196457,1,3
2667,K03089.01,7668416,1,1
2668,K00304.02,6029239,1,2
2669,K00305.01,6063220,1,1
2670,K00306.01,6071903,1,5
2671,K00307.01,6289257,1,4
2672,K00046.01,10905239,1,3
2673,K00365.01,11623629,1,5
2674,K00366.01,3545478,1,1
2675,K00367.01,4815520,1,3
2676,K00368.01,6603043,0,4
2677,K00369.01,7175184,1,4
2678,K03012.01,7109851,0,1
2679,K03013.01,11565544,1,2
2680,K03014.01,7347246,1,5
2681,K03015.01,11403530,1,3
2682,K00282.02,5088536,1,2
2683,K03017.01,12072872,1,1
2684,K03090.01,6609270,1,4
2685,K03091.01,12406807,1,1
2686,K03092.01,8046689,0,3
2687,K03093.01,5096590,1,2
2688,K03095.01,9650989,1,4
2689,K00307.02,6289257,1,4
2690,K00308.01,6291837,1,1
2691,K00309.01,7024222,0,1
2692,K00311.01,7024511,0,4
2693,K00312.01,7050989,1,3
2694,K00369.02,7175184,1,4
2695,K00370.01,8494142,1,5
2696,K00063.01,11554435,1,3
2697,K00370.02,8494142,1,5
2698,K00371.01,5652983,0,5
2699,K00372.01,6471021,1,4
2700,K03018.01,7906671,0,1
2701,K03019.01,8709688,1,1
2702,K03020.01,8241079,1,1
2703,K03021.01,3348285,0,1
2704,K03022.01,11618601,1,1
2705,K03097.01,7582689,1,1
2706,K03097.02,7582689,1,1
2707,K03097.03,7582689,1,1
2708,K03098.01,9959589,0,2
2709,K00043.01,9025922,0,5
2710,K00285.02,6196457,1,3
2711,K00312.02,7050989,1,3
2712,K00313.01,7419318,1,5
2713,K00313.02,7419318,1,5
2714,K00314.01,7603200,1,1
2715,K00314.02,7603200,1,1
2716,K00046.02,10905239,1,3
2717,K00373.01,7364176,1,1
2718,K00374.01,8686097,1,2
2719,K00375.01,12356617,1,2
2720,K00376.01,12643589,0,5
2721,K00376.02,12643589,0,5
2722,K00377.01,3323887,1,2
2723,K03022.02,11618601,1,1
2724,K03023.01,7732285,0,1
2725,K03025.01,9716391,1,5
2726,K03026.01,6929841,1,5
2727,K00282.03,5088536,1,2
2728,K03099.01,5124254,0,4
2729,K03101.01,11508644,1,5
2730,K03105.01,12168993,1,3
2731,K03106.01,8895758,1,3
2732,K03107.01,10031500,0,1
2733,K00314.03,7603200,1,1
2734,K00315.01,7700622,1,4
2735,K00316.01,8008067,1,3
2736,K00316.02,8008067,1,3
2737,K00316.03,8008067,1,3
2738,K00377.02,3323887,1,2
2739,K00064.01,7051180,1,1
2740,K00377.03,3323887,1,2
2741,K00378.01,2449074,0,1
2742,K00379.01,2446113,0,4
2743,K00379.02,2446113,1,4
2744,K03027.01,11137180,1,5
2745,K03028.01,9838804,0,2
2746,K03029.01,5903749,1,4
2747,K03029.02,5903749,1,4
2748,K03030.01,5524881,0,3
2749,K03108.01,3756264,1,3
2750,K03109.01,11572193,1,5
2751,K03110.01,11285870,1,5
2752,K03111.01,8581240,1,3
2753,K03111.02,8581240,1,3
2754,K00285.03,6196457,1,3
2755,K00317.01,8121310,1,2
2756,K00318.01,8156120,1,3
2757,K00319.01,8684730,1,4
2758,K00320.01,8700558,0,4
2759,K00321.01,8753657,1,4
2760,K00005.01,8554498,1,2
2761,K00389.01,3847708,0,4
2762,K00390.01,3849155,0,2
2763,K00391.01,3858804,0,4
2764,K00392.01,3942670,1,1
2765,K00392.02,3942670,1,1
2766,K03031.01,6949898,1,4
2767,K03032.01,10585738,1,4
2768,K03033.01,7186665,0,3
2769,K03034.01,2973386,1,3
2770,K03035.01,6388770,0,3
2771,K03112.01,7022573,1,3
2772,K03113.01,7676423,1,4
2773,K03114.01,9288237,1,2
2774,K03115.01,11714231,1,3
2775,K03116.01,11720424,1,1
2776,K00048.01,7837302,0,2
2777,K00321.02,8753657,1,4
2778,K00322.01,8948424,0,1
2779,K00323.01,9139084,1,5
2780,K00324.01,9641041,0,4
2781,K00325.01,9724984,0,2
2782,K00380.01,2452450,0,2
2783,K00381.01,3230578,0,1
2784,K00382.01,3231137,0,4
2785,K00384.01,3353050,1,5
2786,K00385.01,3446746,1,4
2787,K00283.01,5695396,1,1
2788,K03036.01,5217891,0,4
2789,K03037.01,6593150,1,3
2790,K03038.01,8051946,1,5
2791,K03039.01,5445681,1,3
2792,K03117.01,6523351,1,4
2793,K03119.01,5551672,1,2
2794,K03120.01,11499192,1,5
2795,K03122.01,12416661,1,4
2796,K03123.01,8197793,1,2
2797,K00286.01,8258171,0,1
2798,K00326.01,9880467,0,2
2799,K00326.02,9880467,0,2
2800,K00327.01,9881662,1,1
2801,K00327.02,9881662,1,1
2802,K00328.01,9895004,0,2
2803,K00386.01,3656121,1,1
2804,K00066.01,10620329,0,5
2805,K00386.02,3656121,1,1
2806,K00387.01,3733628,1,2
2807,K00388.01,3831053,1,2
2808,K03040.01,6357290,1,2
2809,K03041.01,4072955,1,4
2810,K03042.01,8695311,1,5
2811,K03043.01,9834731,1,3
2812,K03045.01,5092266,1,1
2813,K03124.01,4076976,0,2
2814,K03125.01,8751796,1,3
2815,K03126.01,7097534,0,4
2816,K03127.01,9907129,1,5
2817,K03128.01,7609674,1,1
2818,K00049.01,9527334,1,4
2819,K00329.01,10031885,0,4
2820,K00330.01,11361646,1,5
2821,K00330.02,11361646,1,5
2822,K00331.01,10285631,1,3
2823,K00393.01,3964109,1,3
2824,K00394.01,4159347,0,1
2825,K00069.01,3544595,1,5
2826,K00395.01,4165960,0,3
2827,K00396.01,4252322,1,4
2828,K00397.01,4376644,0,4
2829,K03047.01,9301506,0,4
2830,K00283.02,5695396,1,1
2831,K03048.01,9714550,1,5
2832,K03049.01,6263593,1,2
2833,K03050.01,5475042,1,1
2834,K03129.01,6964159,0,3
2835,K03130.01,10252275,1,2
2836,K03130.02,10252275,1,2
2837,K03131.01,11455181,1,5
2838,K03132.01,9541295,1,3
2839,K00332.01,10290666,1,5
2840,K00333.01,10337258,1,5
2841,K00334.01,10383687,0,2
2842,K00335.01,10470206,0,2
2843,K00336.01,10518725,0,5
2844,K00279.02,12314973,1,1
2845,K02970.01,5450893,1,4
2846,K02971.01,4770174,1,4
2847,K02972.01,8949925,1,2
2848,K02973.01,5091016,0,5
2849,K03051.01,9959492,1,3
2850,K03052.01,8827575,1,2
2851,K03052.02,8827575,1,2
2852,K03053.01,2716801,1,5
2853,K03055.01,7281454,0,2
2854,K03056.01,7216284,1,2
2855,K00287.01,8703887,0,4
2856,K03135.01,9899352,0,2
2857,K03136.01,6945786,1,3
2858,K03140.01,5978170,1,1
2859,K03141.01,5440317,1,4
2860,K00337.01,10545066,1,4
2861,K00051.01,6056992,0,5
2862,K00338.01,10552611,1,4
2863,K00338.02,10552611,1,4
2864,K00339.01,10587105,1,1
2865,K00339.02,10587105,1,1
2866,K02975.01,6948480,0,1
2867,K02976.01,6438099,1,3
2868,K02977.01,11090556,1,1
2869,K02977.02,11090556,1,1
2870,K02978.01,10686814,0,1
2871,K03057.01,3234843,1,2
2872,K00284.01,6021275,1,3
2873,K03057.02,3234843,1,2
2874,K03058.01,8192911,0,5
2875,K03059.01,10554967,0,5
2876,K03142.01,3752110,1,2
2877,K03144.01,5688790,1,3
2878,K03145.01,1717722,1,4
2879,K03145.02,1717722,1,4
2880,K03146.01,10908248,1,3
2881,K00340.01,10616571,0,1
2882,K00341.01,10878263,1,2
2883,K00341.02,10878263,1,2
2884,K00343.01,10982872,1,2
2885,K00343.02,10982872,1,2
2886,K02979.01,2720514,0,2
2887,K00280.01,4141376,1,3
2888,K02980.01,9468551,1,4
2889,K02981.01,9076971,1,4
2890,K02982.01,8360640,1,1
2891,K03060.01,11019987,1,3
2892,K03061.01,4857058,1,3
2893,K03063.01,10924562,1,2
2894,K03064.01,9899505,0,3
2895,K03065.01,5040077,1,3
2896,K03147.01,7534267,1,4
2897,K00288.01,9592705,1,2
2898,K03148.01,10611420,0,5
2899,K00289.01,10386922,1,2
2900,K00289.02,10386922,1,2
2901,K00343.03,10982872,1,2
2902,K00052.01,3558981,0,3
2903,K00344.01,11015108,1,1
2904,K00345.01,11074541,1,5
2905,K00346.01,11100383,1,4
2906,K02984.01,7918652,1,5
2907,K02985.01,8847111,0,1
2908,K02986.01,4568298,0,1
2909,K03429.04,9230021,1,1
2910,K02987.01,4374339,0,2
2911,K02989.01,6636320,1,5
2912,K03066.01,4067925,1,5
2913,K03067.01,4847782,0,1
2914,K00284.02,6021275,1,3
2915,K01175.03,10350571,0,1
2916,K03068.01,3230805,1,2
2917,K03069.01,4676964,1,1
2918,K00290.01,10488450,0,5
2919,K00291.01,10933561,1,1
2920,K00291.02,10933561,1,1
2921,K02243.03,4770617,1,4
2922,K00044.01,8845026,0,4
2923,K00292.01,11075737,1,4
2924,K00347.01,11189127,0,3
2925,K00348.01,11194032,1,5
2926,K00349.01,11394027,1,5
2927,K02924.02,7609553,1,5
2928,K00350.01,11395587,1,5
2929,K00351.01,11442793,1,1
2930,K02990.01,5520547,1,5
2931,K02991.01,4848424,0,3
2932,K00042.01,8866102,1,2
2933,K00281.01,4143755,1,5
2934,K02992.01,8509442,1,5
2935,K02994.01,11244137,1,5
2936,K03070.01,6072593,0,3
2937,K03071.01,5865654,1,5
2938,K03072.01,3219643,1,5
2939,K03073.01,8546542,1,1
2940,K03074.01,8197560,0,5
2941,K00293.01,11200415,0,2
2942,K02263.03,8613535,1,3
2943,K00294.01,11259686,1,2
2944,K00295.01,11547513,1,1
2945,K00295.02,11547513,1,1
2946,K00296.01,11802615,1,2
2947,K00351.02,11442793,1,1
2948,K02926.05,10122538,1,5
2949,K00351.03,11442793,1,1
2950,K00053.01,2445975,0,3
2951,K00352.01,11521793,1,1
2952,K00353.01,11566064,1,5
2953,K00353.02,11566064,1,5
2954,K03646.02,6531496,0,2
2955,K02995.01,3848275,1,1
2956,K02996.01,12021625,1,3
2957,K02997.01,9777256,0,4
2958,K02998.01,4175630,1,1
2959,K02999.01,7433585,0,2
2960,K01232.02,6665223,0,5
2961,K03075.01,3328080,1,2
2962,K03078.01,8430964,1,4
2963,K03081.01,3654719,0,3
2964,K00284.03,6021275,1,3
2965,K03082.01,10619142,0,4
2966,K02264.02,12256520,1,5
2967,K00297.01,11905011,1,3
2968,K00298.01,12785320,1,4
2969,K00298.02,12785320,1,4
2970,K00299.01,2692377,1,2
2971,K00045.01,3742855,0,2
2972,K00300.01,3438975,0,4
2973,K00354.01,11568987,1,3
2974,K00354.02,11568987,1,3
2975,K00355.01,11621223,1,4
2976,K00356.01,11624249,1,2
2977,K00358.01,12017140,0,2
2978,K04146.02,10000941,1,5
2979,K03000.01,5702939,0,5
2980,K03002.01,3852655,1,3
2981,K03003.01,11255231,0,5
2982,K00282.01,5088536,1,2
2983,K03004.01,6103377,1,3
2984,K01236.04,6677841,1,1
2985,K03083.01,7106173,1,1
2986,K03083.02,7106173,1,1
2987,K03083.03,7106173,1,1
2988,K03084.01,3324986,0,5
2989,K03085.01,11912932,0,4
2990,K00520.03,8037145,1,2
2991,K00521.01,8162789,1,2
2992,K00522.01,8265218,1,1
2993,K00523.01,8806123,1,2
2994,K00523.02,8806123,1,2
2995,K02964.02,10098844,0,4
2996,K00574.02,8355239,1,5
2997,K00090.01,9210823,0,3
2998,K00575.01,8367113,1,4
2999,K00576.01,8474898,0,5
3000,K00577.01,8558011,1,4
3001,K04260.03,7429287,0,3
3002,K00421.01,9115800,1,5
3003,K00422.01,9214713,1,1
3004,K00423.01,9478990,1,2
3005,K00424.01,9597411,0,4
3006,K00070.04,6850504,1,5
3007,K01278.05,8609450,0,5
3008,K00477.01,10934674,1,4
3009,K00478.01,10990886,1,5
3010,K00479.01,11015323,1,4
3011,K00480.01,11134879,1,5
3012,K00481.01,11192998,1,4
3013,K02298.03,9334893,1,3
3014,K00524.01,8934495,1,1
3015,K00525.01,9119458,1,5
3016,K00085.01,5866724,1,4
3017,K00526.01,9157634,1,5
3018,K00527.01,9636569,0,5
3019,K03091.02,12406807,1,1
3020,K00578.01,8565266,1,2
3021,K00579.01,8616637,1,3
3022,K00579.02,8616637,1,3
3023,K00580.01,8625925,1,1
3024,K00581.01,8822216,1,2
3025,K04288.04,4548011,1,1
3026,K00425.01,9967884,0,4
3027,K00426.01,10016874,1,1
3028,K00427.01,10189546,1,4
3029,K00427.02,10189546,1,4
3030,K00427.03,10189546,1,4
3031,K01289.02,10748393,0,2
3032,K00481.02,11192998,1,4
3033,K00481.03,11192998,1,4
3034,K00081.01,8823868,0,5
3035,K00482.01,11255761,0,5
3036,K00483.01,11497977,1,2
3037,K00255.03,7021681,0,5
3038,K00528.01,9941859,1,2
3039,K00528.02,9941859,1,2
3040,K00528.03,9941859,1,2
3041,K00529.01,10068030,0,5
3042,K00530.01,10266615,1,1
3043,K03138.02,6444896,1,2
3044,K00531.01,10395543,1,2
3045,K00581.02,8822216,1,2
3046,K00582.01,9020160,1,1
3047,K00092.01,7941200,1,1
3048,K00582.02,9020160,1,1
3049,K04260.04,7429287,1,3
3050,K00582.03,9020160,1,1
3051,K00428.01,10418224,1,2
3052,K00429.01,10616679,1,1
3053,K00430.01,10717241,1,5
3054,K00430.02,10717241,1,5
3055,K01353.03,7303287,1,3
3056,K00431.01,10843590,1,5
3057,K00070.05,6850504,1,5
3058,K00484.01,12061222,1,5
3059,K00485.01,12316431,0,5
3060,K00486.01,12404305,1,5
3061,K02342.02,10212441,0,2
3062,K00487.01,12834874,1,2
3063,K00488.01,2557816,1,2
3064,K00532.01,10454313,1,2
3065,K00533.01,10513530,1,1
3066,K00085.02,5866724,1,4
3067,K00317.02,8121310,1,2
3068,K00533.02,10513530,1,1
3069,K00534.01,10554999,1,5
3070,K00583.01,9076513,1,3
3071,K00584.01,9146018,1,5
3072,K00584.02,9146018,1,5
3073,K00584.03,9146018,1,5
3074,K00585.01,9279669,1,3
3075,K00431.02,10843590,1,5
3076,K00432.01,10858832,1,3
3077,K00433.01,10937029,1,3
3078,K01437.02,11599038,0,2
3079,K00433.02,10937029,1,3
3080,K00434.01,11656302,0,1
3081,K00489.01,2576197,0,5
3082,K00489.02,2576197,0,5
3083,K00490.01,3239945,1,1
3084,K02583.02,10387742,0,5
3085,K00082.01,10187017,1,1
3086,K00490.02,3239945,1,1
3087,K00534.02,10554999,1,5
3088,K00535.01,10873260,1,5
3089,K00536.01,10965008,1,1
3090,K03191.02,10467815,0,5
3091,K00537.01,11073351,1,3
3092,K00538.01,11090765,1,5
3093,K00539.01,11246364,0,5
3094,K00586.01,9570741,1,5
3095,K00587.01,9607164,1,4
3096,K00588.01,9631762,1,3
3097,K00094.01,6462863,1,1
3098,K00590.01,9782691,1,3
3099,K00435.01,11709124,1,3
3100,K00435.02,11709124,1,3
3101,K00436.01,11805075,1,3
3102,K01437.03,11599038,0,2
3103,K00437.01,11824222,1,5
3104,K00438.01,12302530,1,2
3105,K00072.01,11904151,1,5
3106,K00490.03,3239945,1,1
3107,K00490.04,3239945,1,1
3108,K00491.01,3541800,0,3
3109,K00492.01,3559935,1,5
3110,K00493.01,3834360,0,4
3111,K00494.01,3966801,1,1
3112,K00540.01,11521048,0,2
3113,K00541.01,11656721,1,3
3114,K00007.01,11853905,1,5
3115,K00085.03,5866724,1,4
3116,K00542.01,11669239,1,2
3117,K00542.02,11669239,1,2
3118,K00597.03,10600261,1,1
3119,K00598.01,10656823,1,5
3120,K00598.02,10656823,1,5
3121,K00599.01,10676824,1,5
3122,K00600.01,10718726,1,4
3123,K00438.02,12302530,1,2
3124,K00439.01,12470954,1,5
3125,K01613.03,6268648,1,5
3126,K00440.01,2438264,1,2
3127,K00440.02,2438264,1,2
3128,K00441.01,3340312,0,5
3129,K00495.01,4049108,0,3
3130,K00496.01,4454752,1,4
3131,K02593.02,8212002,1,5
3132,K00497.01,4757437,1,5
3133,K00082.02,10187017,1,1
3134,K00497.02,4757437,1,5
3135,K00543.01,11823054,1,2
3136,K00543.02,11823054,1,2
3137,K03209.02,7017274,1,5
3138,K00544.01,11913012,0,3
3139,K00545.01,11972666,0,3
3140,K00546.01,12058931,1,5
3141,K00590.02,9782691,1,3
3142,K00591.01,9886221,0,2
3143,K00787.03,12366084,1,5
3144,K00592.01,9957627,1,2
3145,K00593.01,9958962,1,5
3146,K00593.02,9958962,1,5
3147,K00442.01,3745690,1,5
3148,K00442.02,3745690,1,5
3149,K01815.02,9872283,1,2
3150,K00442.03,3745690,1,5
3151,K00443.01,3833007,1,5
3152,K00444.01,3847138,1,5
3153,K00498.01,4833135,0,3
3154,K00499.01,4847534,1,3
3155,K00500.01,4852528,1,1
3156,K00500.02,4852528,1,1
3157,K00500.03,4852528,1,1
3158,K00500.04,4852528,1,1
3159,K00546.02,12058931,1,5
3160,K00547.01,12116489,1,3
3161,K00548.01,12600735,1,1
3162,K00087.01,10593626,1,5
3163,K00549.01,3437776,0,5
3164,K00593.03,9958962,1,5
3165,K00595.01,10294465,0,5
3166,K00596.01,10388286,1,2
3167,K00597.01,10600261,1,1
3168,K00094.02,6462863,1,1
3169,K00597.02,10600261,1,1
3170,K00072.02,11904151,1,5
3171,K00445.01,4384675,0,1
3172,K00446.01,4633570,1,1
3173,K00446.02,4633570,1,1
3174,K00447.01,5021176,0,3
3175,K00448.01,5640085,1,3
3176,K00448.02,5640085,1,3
3177,K00500.05,4852528,1,1
3178,K00501.01,4951877,1,5
3179,K00502.01,5282051,0,1
3180,K00082.03,10187017,1,1
3181,K00503.01,5340644,1,2
3182,K00549.02,3437776,0,5
3183,K00550.01,4165473,1,3
3184,K00551.01,4270253,1,4
3185,K03226.02,5544450,1,1
3186,K00551.02,4270253,1,4
3187,K00552.01,5122112,0,4
3188,K00601.01,10973664,1,4
3189,K00601.02,10973664,1,4
3190,K00601.03,10973664,1,4
3191,K00929.02,9141746,1,1
3192,K00602.01,12459913,1,1
3193,K00094.03,6462863,1,1
3194,K00449.01,5779852,0,5
3195,K00450.01,6042214,0,2
3196,K00451.01,6200715,0,3
3197,K01910.02,8226050,1,2
3198,K00452.01,6291033,1,4
3199,K00074.01,6889235,0,4
3200,K00453.01,6758917,0,5
3201,K00504.01,5461440,1,2
3202,K00505.01,5689351,1,4
3203,K02678.02,6779260,1,4
3204,K00505.02,5689351,1,4
3205,K00505.03,5689351,1,4
3206,K00505.04,5689351,1,4
3207,K00553.01,5303551,0,1
3208,K00554.01,5443837,1,4
3209,K03337.02,7692093,0,5
3210,K00555.01,5709725,1,2
3211,K00555.02,5709725,1,2
3212,K00088.01,7700871,0,3
3213,K00398.01,9946525,1,1
3214,K00398.02,9946525,1,1
3215,K01022.02,2716853,0,5
3216,K00398.03,9946525,1,1
3217,K00399.01,7289157,0,5
3218,K00400.01,2695110,0,1
3219,K00454.01,7098355,1,1
3220,K00455.01,7101828,0,1
3221,K01942.02,2832589,1,4
3222,K00456.01,7269974,1,4
3223,K00456.02,7269974,1,4
3224,K00457.01,7440748,1,2
3225,K00505.05,5689351,1,4
3226,K00506.01,5780715,0,4
3227,K02871.04,10793172,1,1
3228,K00507.01,5812960,1,4
3229,K00508.01,6266741,1,1
3230,K00082.04,10187017,1,1
3231,K00556.01,5738496,0,2
3232,K00557.01,5774349,1,1
3233,K00331.02,10285631,1,3
3234,K00558.01,5978361,1,3
3235,K00559.01,6422367,0,3
3236,K00560.01,6501635,1,1
3237,K00401.01,3217264,1,1
3238,K00401.02,3217264,1,1
3239,K00005.02,8554498,0,2
3240,K00070.01,6850504,1,5
3241,K00401.03,3217264,1,1
3242,K00402.01,3342592,0,1
3243,K00457.02,7440748,1,2
3244,K00458.01,7504328,1,3
3245,K02133.02,8219268,0,2
3246,K00459.01,7977197,1,4
3247,K00459.02,7977197,1,4
3248,K00075.01,7199397,1,5
3249,K00508.02,6266741,1,1
3250,K00509.01,6381846,1,1
3251,K02876.02,4367854,0,3
3252,K00509.02,6381846,1,1
3253,K00509.03,6381846,1,1
3254,K00510.01,6422155,1,1
3255,K00561.01,6665695,1,3
3256,K00563.01,6707833,1,1
3257,K03372.02,9785921,0,1
3258,K00564.01,6786037,1,5
3259,K00564.02,6786037,1,5
3260,K00564.03,6786037,1,5
3261,K00403.01,4247092,0,5
3262,K00404.01,4949751,0,1
3263,K01083.02,10157458,1,3
3264,K00405.01,5003117,0,3
3265,K00406.01,5035972,0,4
3266,K00407.01,5218441,0,1
3267,K00408.01,5351250,1,3
3268,K00460.01,8043638,1,5
3269,K02174.04,8261920,1,2
3270,K00461.01,8621348,0,3
3271,K00462.01,8773869,0,4
3272,K00463.01,8845205,1,3
3273,K00464.01,8890783,1,4
3274,K00464.02,8890783,1,4
3275,K02906.03,6716545,1,1
3276,K00510.02,6422155,1,1
3277,K00510.03,6422155,1,1
3278,K00510.04,6422155,1,1
3279,K00511.01,6451936,1,3
3280,K00511.02,6451936,1,3
3281,K07624.01,1723078,1,2
3282,K00089.01,8056665,1,1
3283,K00565.01,7025846,0,3
3284,K00566.01,7119481,1,2
3285,K00567.01,7445445,1,5
3286,K00567.02,7445445,1,5
3287,K04772.03,8397947,0,4
3288,K00408.02,5351250,1,3
3289,K00408.03,5351250,1,3
3290,K00070.02,6850504,1,5
3291,K00408.04,5351250,1,3
3292,K00409.01,5444548,1,3
3293,K00082.06,10187017,0,1
3294,K00465.01,8891318,0,3
3295,K00466.01,9008220,1,2
3296,K00467.01,9583881,1,5
3297,K00468.01,9589524,1,4
3298,K00076.01,9955262,1,5
3299,K06048.02,8019043,0,2
3300,K06245.03,11775507,0,3
3301,K00082.05,10187017,1,1
3302,K00512.01,6838050,1,4
3303,K00513.01,6937692,1,2
3304,K00514.01,7602070,0,2
3305,K00515.01,7812179,0,3
3306,K07625.01,1868404,0,3
3307,K00567.03,7445445,1,5
3308,K00568.01,7595157,1,3
3309,K00568.02,7595157,1,3
3310,K00569.01,8008206,1,1
3311,K00569.02,8008206,1,1
3312,K04773.02,7906892,1,5
3313,K00410.01,5449777,0,5
3314,K00411.01,5478055,0,4
3315,K00412.01,5683743,1,5
3316,K00413.01,5791986,1,1
3317,K00413.02,5791986,1,1
3318,K04846.02,8320630,1,5
3319,K00469.01,9703198,1,1
3320,K00470.01,9844088,1,3
3321,K00471.01,10019643,1,4
3322,K00471.02,10019643,1,4
3323,K00472.01,10123064,1,1
3324,K06612.02,5653126,0,1
3325,K00516.01,7840044,0,4
3326,K00517.01,8015907,1,2
3327,K00518.01,8017703,1,1
3328,K00518.02,8017703,1,1
3329,K00518.03,8017703,1,1
3330,K07626.01,1995712,0,4
3331,K00570.01,8106610,0,2
3332,K00089.02,8056665,1,1
3333,K00571.01,8120608,1,4
3334,K00571.02,8120608,1,4
3335,K00571.03,8120608,1,4
3336,K00571.04,8120608,1,4
3337,K00414.01,5872150,0,4
3338,K00414.02,5872150,0,4
3339,K00415.01,6289650,1,5
3340,K00070.03,6850504,1,5
3341,K00416.01,6508221,1,2
3342,K04896.02,11135694,1,1
3343,K00473.01,10155434,1,2
3344,K00474.01,10460984,1,2
3345,K00474.02,10460984,1,2
3346,K00474.03,10460984,1,2
3347,K00474.04,10460984,1,2
3348,K06707.02,6436505,0,3
3349,K00519.01,8022244,1,3
3350,K00084.01,2571238,1,5
3351,K00519.02,8022244,1,3
3352,K00520.01,8037145,1,2
3353,K00520.02,8037145,1,2
3354,K07627.01,2140389,0,3
3355,K00572.01,8193178,1,4
3356,K00572.02,8193178,1,4
3357,K00573.01,8344004,1,3
3358,K00573.02,8344004,1,3
3359,K00574.01,8355239,1,5
3360,K04838.03,8216763,1,5
3361,K00416.02,6508221,1,2
3362,K00417.01,6879865,1,3
3363,K00418.01,7975727,0,5
3364,K00419.01,8219673,0,1
3365,K00420.01,8352537,1,4
3366,K05007.02,3758499,1,5
3367,K00006.01,3248033,0,4
3368,K00080.01,9552608,1,5
3369,K00475.01,10577994,1,5
3370,K00475.02,10577994,1,5
3371,K00476.01,10599206,1,1
3372,K06765.02,6768616,0,4
3373,K00725.01,10068383,0,5
3374,K00726.01,10157573,0,4
3375,K00727.01,10191070,0,5
3376,K00728.01,10221013,1,1
3377,K00729.01,10225800,0,5
3378,K07628.01,2299738,1,2
3379,K00730.01,10227020,1,2
3380,K00627.02,4563268,1,2
3381,K00628.01,4644604,1,1
3382,K00629.01,4656049,1,4
3383,K00630.01,4659405,0,1
3384,K05449.02,7941635,0,1
3385,K00631.01,4742414,1,4
3386,K00682.01,7619236,1,5
3387,K00683.01,7630229,1,3
3388,K00684.01,7730747,1,5
3389,K00685.01,7764367,1,1
3390,K07124.02,9024857,0,3
3391,K00686.01,7906882,1,2
3392,K00687.01,7976520,1,2
3393,K00730.02,10227020,1,2
3394,K00730.03,10227020,1,2
3395,K00111.03,6678383,1,5
3396,K07630.01,2302997,1,1
3397,K00730.04,10227020,1,2
3398,K00731.01,10259031,0,2
3399,K00099.01,8505215,1,5
3400,K00632.01,4827723,1,4
3401,K00633.01,4841374,1,3
3402,K00634.01,4861736,0,2
3403,K00635.01,5020319,1,5
3404,K00636.01,5090690,0,4
3405,K00688.01,8161561,1,3
3406,K00689.01,8361905,1,4
3407,K00547.03,12116489,1,3
3408,K00690.01,8409588,0,1
3409,K00107.01,11250587,1,4
3410,K00691.01,8480285,1,3
3411,K00691.02,8480285,1,3
3412,K00732.01,10265898,1,3
3413,K00732.02,10265898,1,3
3414,K07629.01,2302758,0,1
3415,K00732.03,10265898,1,3
3416,K00733.01,10271806,1,1
3417,K00733.02,10271806,1,1
3418,K00637.01,5098444,0,4
3419,K00638.01,5113822,1,2
3420,K00638.02,5113822,1,2
3421,K00639.01,5120087,1,3
3422,K00640.01,5121511,1,2
3423,K00692.01,8557374,1,2
3424,K00692.02,8557374,1,2
3425,K00548.02,12600735,1,1
3426,K00693.01,8738735,1,1
3427,K00693.02,8738735,1,1
3428,K00694.01,8802165,1,5
3429,K00733.03,10271806,1,1
3430,K00733.04,10271806,1,1
3431,K00408.05,5351250,0,3
3432,K00734.01,10272442,1,1
3433,K00112.01,10984090,1,2
3434,K00734.02,10272442,1,1
3435,K00100.01,4055765,1,5
3436,K00641.01,5131180,1,1
3437,K00642.01,5181817,0,4
3438,K00643.01,5309353,0,4
3439,K00644.01,5356593,0,4
3440,K00695.01,8805348,1,4
3441,K00696.01,8869680,0,5
3442,K07378.02,10843431,1,4
3443,K00697.01,8878187,1,1
3444,K00108.01,4914423,1,3
3445,K00698.01,8891278,0,2
3446,K00735.01,10287242,1,5
3447,K00736.01,10340423,1,3
3448,K00736.02,10340423,1,3
3449,K00737.01,10345478,0,4
3450,K00738.01,10358759,1,1
3451,K00645.01,5374854,1,3
3452,K00645.02,5374854,1,3
3453,K00646.01,5384802,0,1
3454,K00647.01,5531694,1,3
3455,K00648.01,5596440,1,3
3456,K00699.01,8908102,0,1
3457,K00700.01,8962094,1,4
3458,K00700.02,8962094,1,4
3459,K00700.03,8962094,1,4
3460,K00700.04,8962094,1,4
3461,K00738.02,10358759,1,1
3462,K00739.01,10386984,1,1
3463,K04388.02,9588822,1,4
3464,K00740.01,10395381,1,3
3465,K00741.01,10418797,0,2
3466,K00649.01,5613330,1,4
3467,K00102.01,8456679,1,4
3468,K00650.01,5786676,1,2
3469,K00651.01,5796186,0,2
3470,K00652.01,5796675,1,1
3471,K00701.01,9002278,1,1
3472,K07521.02,12306808,0,1
3473,K00701.02,9002278,1,1
3474,K00701.03,9002278,1,1
3475,K00702.01,9053112,0,2
3476,K00108.02,4914423,1,3
3477,K00703.01,9162741,0,4
3478,K00653.01,5893123,0,5
3479,K00654.01,5941160,1,1
3480,K00654.02,5941160,1,1
3481,K00655.01,5966154,1,4
3482,K00655.02,5966154,1,4
3483,K07544.02,3749508,0,1
3484,K00704.01,9266431,1,1
3485,K00705.01,9300285,0,5
3486,K00706.01,9426071,0,3
3487,K00707.01,9458613,1,5
3488,K00707.02,9458613,1,5
3489,K04453.02,10729472,0,5
3490,K00656.01,5966660,0,2
3491,K00657.01,6020753,1,5
3492,K00102.02,8456679,1,4
3493,K00657.02,6020753,1,5
3494,K00658.01,6062088,1,5
3495,K00707.03,9458613,1,5
3496,K00707.04,9458613,1,5
3497,K00707.05,9458613,1,5
3498,K00708.01,9530945,1,2
3499,K04577.02,10610039,1,1
3500,K00109.01,4752451,0,4
3501,K00658.02,6062088,1,5
3502,K00658.03,6062088,1,5
3503,K00659.01,6125481,1,1
3504,K00660.01,6267535,1,1
3505,K07621.01,1025986,1,5
3506,K00661.01,6347299,1,2
3507,K00708.02,9530945,1,2
3508,K00709.01,9578686,1,2
3509,K00710.01,9590976,1,4
3510,K00710.02,9590976,1,4
3511,K04622.02,11284772,1,2
3512,K00710.03,9590976,1,4
3513,K00603.01,2441151,0,2
3514,K00604.01,3970233,0,1
3515,K00605.01,4832837,1,2
3516,K00605.02,4832837,1,2
3517,K00606.01,5014753,0,4
3518,K00607.01,5441980,1,5
3519,K00661.02,6347299,1,2
3520,K00662.01,6365156,1,3
3521,K00663.01,6425957,1,5
3522,K07622.01,1293046,0,4
3523,K00103.01,2444412,1,2
3524,K00663.02,6425957,1,5
3525,K00711.01,9597345,1,4
3526,K00711.02,9597345,1,4
3527,K00711.03,9597345,1,4
3528,K04692.02,10972902,1,5
3529,K00712.01,9640976,0,2
3530,K00713.01,9640985,0,5
3531,K00608.01,5562784,0,3
3532,K00609.01,5608566,0,3
3533,K00610.01,5686174,1,1
3534,K00611.01,6309763,1,1
3535,K00008.01,5903312,0,5
3536,K00094.04,6462863,1,1
3537,K00664.01,6442340,1,2
3538,K00664.02,6442340,1,2
3539,K07623.01,1434395,0,3
3540,K00664.03,6442340,1,2
3541,K00665.01,6685609,1,4
3542,K00665.02,6685609,1,4
3543,K00110.01,9450647,1,5
3544,K00714.01,9702072,1,3
3545,K04700.02,9413156,1,5
3546,K00715.01,9834719,0,4
3547,K00716.01,9846348,1,2
3548,K00717.01,9873254,1,5
3549,K00612.01,6587002,1,5
3550,K00612.02,6587002,1,5
3551,K00613.01,6960456,0,4
3552,K00614.01,7368664,1,5
3553,K00615.01,8374580,0,5
3554,K00665.03,6685609,1,4
3555,K00666.01,6707835,1,5
3556,K07636.01,2696205,1,4
3557,K00667.01,6752502,0,2
3558,K00668.01,6805146,0,1
3559,K00104.01,10318874,1,5
3560,K00669.01,6960445,0,1
3561,K00717.02,9873254,1,5
3562,K00718.01,9884104,1,5
3563,K00718.02,9884104,1,5
3564,K00718.03,9884104,1,5
3565,K00719.01,9950612,1,5
3566,K00616.01,9714696,0,1
3567,K00617.01,9846086,0,5
3568,K00618.01,10353968,1,5
3569,K00619.01,10384962,0,2
3570,K00620.01,11773022,1,2
3571,K00670.01,7033671,1,5
3572,K00671.01,7040629,1,2
3573,K07637.01,2711131,0,4
3574,K00671.02,7040629,1,2
3575,K00671.03,7040629,1,2
3576,K00671.04,7040629,1,2
3577,K00719.02,9950612,1,5
3578,K00111.01,6678383,1,5
3579,K07631.01,2308411,0,2
3580,K00719.03,9950612,1,5
3581,K00719.04,9950612,1,5
3582,K00720.01,9963524,1,5
3583,K00097.01,5780885,1,4
3584,K00620.02,11773022,1,2
3585,K00620.03,11773022,1,2
3586,K00621.01,12251650,1,4
3587,K00622.01,12417486,1,5
3588,K00623.01,12068975,1,4
3589,K00672.01,7115785,1,5
3590,K07638.01,2834805,1,4
3591,K00672.02,7115785,1,5
3592,K00672.03,7115785,0,5
3593,K00673.01,7124613,1,1
3594,K00105.01,8711794,1,3
3595,K00674.01,7277317,1,2
3596,K07632.01,2446134,0,2
3597,K00720.02,9963524,1,5
3598,K00720.03,9963524,1,5
3599,K00720.04,9963524,1,5
3600,K00721.01,9964801,1,5
3601,K00722.01,9965439,1,4
3602,K07634.01,2569995,1,1
3603,K00623.02,12068975,1,4
3604,K00623.03,12068975,1,4
3605,K00623.04,12068975,1,4
3606,K00624.01,3541946,1,5
3607,K00624.02,3541946,1,5
3608,K00098.01,10264660,1,1
3609,K00675.01,7385509,0,5
3610,K00676.01,7447200,1,2
3611,K00676.02,7447200,1,2
3612,K00677.01,7466863,0,2
3613,K00678.01,7509886,1,2
3614,K00678.02,7509886,1,2
3615,K00723.01,10002866,1,3
3616,K00723.02,10002866,1,3
3617,K00111.02,6678383,1,5
3618,K00723.03,10002866,1,3
3619,K07635.01,2577353,1,2
3620,K00724.01,10005020,0,2
3621,K00624.03,3541946,1,5
3622,K00625.01,4449034,0,2
3623,K00626.01,4478168,1,4
3624,K00626.02,4478168,1,4
3625,K07639.01,2854839,0,3
3626,K00627.01,4563268,1,2
3627,K00679.01,7515212,1,5
3628,K00679.02,7515212,1,5
3629,K00680.01,7529266,1,2
3630,K00009.01,11553706,0,5
3631,K07633.01,2449053,0,1
3632,K00106.01,10489525,0,1
3633,K00681.01,7598128,0,3
3634,K04062.01,11858979,0,5
3635,K04063.01,5900390,0,2
3636,K04064.01,5444334,0,1
3637,K04065.01,10139620,0,4
3638,K04066.01,8686373,1,1
3639,K04135.01,5386264,0,4
3640,K02289.02,3867615,1,2
3641,K07646.01,3218844,0,2
3642,K04136.01,7256914,1,5
3643,K04136.02,7256914,1,5
3644,K04137.01,3542222,0,1
3645,K02220.04,6871071,1,1
3646,K04067.01,5530112,1,4
3647,K04068.01,6226908,1,2
3648,K04069.01,5906694,1,2
3649,K04070.01,10186945,0,2
3650,K04138.01,4636565,0,4
3651,K04139.01,9956082,1,1
3652,K07650.01,3241647,0,2
3653,K04140.01,7761585,0,1
3654,K04141.01,3241248,0,5
3655,K04142.01,9716302,0,3
3656,K04071.01,2708286,0,2
3657,K04072.01,6755944,1,2
3658,K04073.01,10419797,0,2
3659,K04074.01,6515335,0,2
3660,K04075.01,7777471,0,4
3661,K04143.01,10294509,0,4
3662,K04144.01,3112129,1,3
3663,K07642.01,3003019,0,5
3664,K02298.02,9334893,1,3
3665,K04145.01,3103212,1,5
3666,K04146.01,10000941,1,5
3667,K04076.01,9455677,1,3
3668,K02220.05,6871071,1,1
3669,K04077.01,7690855,0,2
3670,K04078.01,5649837,0,4
3671,K04079.01,10141938,0,3
3672,K04147.01,8029197,0,3
3673,K04148.01,12257886,0,5
3674,K04149.01,10875007,1,5
3675,K04149.02,10875007,1,5
3676,K04150.01,11465651,1,4
3677,K04080.01,5036480,0,4
3678,K04081.01,10275077,0,4
3679,K04082.01,6592832,0,5
3680,K04083.01,8524346,0,5
3681,K04084.01,3937814,1,4
3682,K04154.02,5551228,0,2
3683,K04155.01,5471271,0,1
3684,K04156.01,5881120,1,5
3685,K07651.01,3248696,0,5
3686,K04157.01,4548098,1,5
3687,K04158.01,5306383,0,4
3688,K00142.02,5446285,0,5
3689,K00255.02,7021681,1,5
3690,K04085.01,5041847,0,5
3691,K04086.01,3836558,0,2
3692,K02243.02,4770617,1,4
3693,K04087.01,6106282,1,1
3694,K04088.01,4946584,0,1
3695,K04163.01,6463499,0,2
3696,K04164.01,8254882,0,1
3697,K04165.01,6042031,0,4
3698,K04166.01,4078311,1,2
3699,K04167.01,5475735,0,3
3700,K00435.05,11709124,1,3
3701,K02175.02,9022166,1,2
3702,K04019.01,10075409,0,5
3703,K04020.01,7038096,0,2
3704,K07652.01,3345973,0,5
3705,K04021.01,11967788,1,5
3706,K04089.01,11972872,0,4
3707,K04090.01,9899233,0,5
3708,K04091.01,3103227,1,1
3709,K04092.01,4850961,1,4
3710,K07643.01,3102309,0,4
3711,K04093.01,8521059,0,3
3712,K04151.01,5217574,0,5
3713,K04152.01,7199060,1,5
3714,K04153.01,8439323,1,5
3715,K02303.02,4458082,1,2
3716,K07647.01,3230095,0,3
3717,K04154.01,5551228,0,2
3718,K04021.02,11967788,1,5
3719,K04022.01,7733731,1,1
3720,K04023.01,6862332,0,3
3721,K04024.01,10714072,1,1
3722,K07644.01,3110177,1,1
3723,K04025.01,10992011,0,4
3724,K04094.01,8128247,0,1
3725,K04095.01,6276994,0,2
3726,K04096.01,9674564,0,5
3727,K02250.02,5942808,1,1
3728,K07648.01,3232249,1,4
3729,K04097.01,5688683,1,2
3730,K04159.01,6607644,1,4
3731,K04160.01,7610663,1,1
3732,K04161.01,5565707,0,1
3733,K04162.01,1293031,0,4
3734,K07640.01,2859299,0,1
3735,K02357.02,7449554,1,5
3736,K04026.01,4067110,0,3
3737,K04027.01,8694309,0,3
3738,K02193.02,8282651,1,4
3739,K04028.01,7818447,0,1
3740,K04029.01,11569475,0,5
3741,K04097.02,5688683,1,2
3742,K04098.01,8222627,1,4
3743,K04099.01,8951205,1,5
3744,K04100.01,5700900,0,4
3745,K04101.01,7026477,0,4
3746,K04168.01,9402583,0,3
3747,K04169.01,7838675,1,3
3748,K04170.01,8700537,0,3
3749,K04171.01,10858785,0,3
3750,K04172.01,9640907,0,4
3751,K02360.02,7515670,0,2
3752,K04030.01,9551430,0,2
3753,K04031.01,3228986,0,3
3754,K04032.01,7100673,1,2
3755,K04032.02,7100673,1,2
3756,K04033.01,4138557,0,2
3757,K04102.01,2708278,0,5
3758,K07641.01,2984990,1,4
3759,K04103.01,3747817,1,1
3760,K04104.01,8483366,0,4
3761,K04105.01,7758018,1,2
3762,K02257.02,9071593,1,3
3763,K04034.01,10089911,1,4
3764,K04035.01,3247404,0,1
3765,K04036.01,11415243,1,4
3766,K02194.02,3548044,1,1
3767,K04037.01,8264402,1,1
3768,K04038.01,7773179,0,5
3769,K04106.01,11017094,0,3
3770,K07645.01,3129238,1,5
3771,K04107.01,5956633,0,2
3772,K04108.01,9899065,0,2
3773,K04109.01,7907808,1,4
3774,K04110.01,5471792,0,3
3775,K04039.01,11145831,0,1
3776,K04040.01,11444952,0,4
3777,K04041.01,8647295,0,4
3778,K04042.01,3444098,0,3
3779,K04043.01,5112567,0,5
3780,K04111.01,2708343,0,5
3781,K07649.01,3235282,0,1
3782,K04112.01,3348090,0,5
3783,K04113.01,9282762,0,2
3784,K04114.01,3117046,0,4
3785,K04115.01,6311520,0,5
3786,K04044.01,5201115,0,5
3787,K04045.01,2708203,0,4
3788,K04046.01,4150496,0,2
3789,K02195.02,11401767,1,4
3790,K04047.01,9655005,0,3
3791,K00435.06,11709124,1,3
3792,K07671.01,3851194,0,2
3793,K02263.02,8613535,1,3
3794,K04116.01,5092655,0,4
3795,K04117.01,3955817,1,3
3796,K04118.01,10661778,0,4
3797,K04119.01,5513857,0,4
3798,K04048.01,10272389,0,4
3799,K04049.01,4679687,0,1
3800,K04050.01,7968683,0,5
3801,K04051.01,10360722,1,2
3802,K04052.01,9091755,0,4
3803,K07672.01,3852476,0,4
3804,K04120.01,9700449,1,5
3805,K04121.01,6349881,1,3
3806,K04122.01,9851970,0,4
3807,K04123.01,6140059,1,2
3808,K04124.01,5726910,0,4
3809,K04053.01,1718958,1,2
3810,K04054.01,6428794,1,4
3811,K04055.01,3228825,0,3
3812,K04056.01,4673628,1,2
3813,K02195.03,11401767,1,4
3814,K07673.01,3852872,1,3
3815,K04125.01,9099950,0,1
3816,K02287.02,9718066,1,5
3817,K04126.01,9272070,1,1
3818,K04127.01,5088400,1,3
3819,K04128.01,4669402,0,1
3820,K04057.01,3757407,0,3
3821,K04058.01,4769931,0,4
3822,K04059.01,9220612,0,2
3823,K04060.01,9086154,1,5
3824,K04061.01,6806695,0,3
3825,K07674.01,3858943,0,1
3826,K04129.01,11970988,1,2
3827,K04130.01,10858803,0,2
3828,K04131.01,6129694,0,3
3829,K04132.01,5957181,0,2
3830,K04133.01,7601918,0,2
3831,K04134.01,6119877,0,2
3832,K04341.01,6792908,1,5
3833,K04342.01,7211879,0,5
3834,K04343.01,8087812,1,3
3835,K04344.01,4863956,0,5
3836,K04345.01,10534155,1,4
3837,K02859.04,10397751,1,4
3838,K04409.01,5308537,1,4
3839,K04410.01,6350882,1,3
3840,K04411.01,5281113,1,4
3841,K04412.01,7847104,0,1
3842,K04205.01,3450040,1,1
3843,K07653.01,3347807,0,2
3844,K04206.01,8487805,0,3
3845,K04207.01,9456281,1,3
3846,K04208.01,5129453,1,2
3847,K04209.01,7918478,1,2
3848,K04275.01,3336845,0,2
3849,K07661.01,3645282,0,5
3850,K04276.01,6026924,1,5
3851,K04277.01,6525280,0,4
3852,K04278.01,4861784,0,2
3853,K04279.01,5876360,0,3
3854,K04346.01,9509343,1,5
3855,K07664.01,3732972,0,4
3856,K04347.01,3244792,1,1
3857,K04348.01,8743082,0,3
3858,K02585.03,7673841,1,2
3859,K04349.01,9142742,0,4
3860,K04413.01,6891513,0,5
3861,K04414.01,4579598,0,4
3862,K04415.01,7777522,0,4
3863,K04416.01,9305012,0,3
3864,K04417.01,9597729,0,4
3865,K04210.01,11390109,0,3
3866,K04211.01,5078025,0,3
3867,K04212.01,1724719,1,5
3868,K00571.05,8120608,1,4
3869,K02433.04,11968463,1,3
3870,K04280.01,5026326,0,2
3871,K02505.02,5471574,0,5
3872,K04281.01,5512580,0,5
3873,K04282.01,11670599,0,1
3874,K04283.01,6359820,0,2
3875,K04350.01,11872139,0,2
3876,K04351.01,5436161,1,5
3877,K04352.01,2708221,0,2
3878,K04353.01,4571844,1,5
3879,K04354.01,5040223,0,1
3880,K04355.01,4571004,0,5
3881,K04418.01,2859893,1,4
3882,K02949.02,6026737,1,1
3883,K04419.01,7582691,1,4
3884,K04420.01,7031942,0,4
3885,K04421.01,9836563,1,3
3886,K04212.02,1724719,1,5
3887,K04213.01,5632701,0,2
3888,K04214.01,10549924,0,5
3889,K04215.01,9366617,1,1
3890,K04216.01,6187341,0,2
3891,K07654.01,3353454,0,3
3892,K04284.01,10156055,0,3
3893,K04285.01,8418018,0,4
3894,K04286.01,5024177,0,2
3895,K04287.01,11081504,1,4
3896,K04288.01,4548011,1,1
3897,K04355.02,4571004,0,5
3898,K04355.03,4571004,0,5
3899,K04355.04,4571004,0,5
3900,K02590.02,12016267,1,3
3901,K04355.05,4571004,0,5
3902,K04356.01,8459663,1,3
3903,K04357.01,3550372,1,3
3904,K04422.01,10155321,0,1
3905,K04423.01,3866536,0,1
3906,K04424.01,7046035,1,3
3907,K04425.01,4679314,0,4
3908,K04426.01,8240790,1,1
3909,K04217.01,5702637,0,2
3910,K04218.01,8309169,0,3
3911,K04219.01,4678919,0,3
3912,K04220.01,5563080,0,2
3913,K04221.01,6364067,0,1
3914,K04288.02,4548011,1,1
3915,K04289.01,5983532,0,2
3916,K07655.01,3439126,0,4
3917,K02529.02,8463346,1,5
3918,K04290.01,5868793,1,5
3919,K04291.01,8483021,0,2
3920,K04292.01,10063208,1,5
3921,K04358.01,7191646,1,4
3922,K04359.01,1575873,0,3
3923,K04360.01,10669994,1,1
3924,K04361.01,7801070,1,2
3925,K04362.01,11449918,0,4
3926,K04427.01,4172805,1,2
3927,K04428.01,5126182,1,4
3928,K07665.01,3750350,0,1
3929,K02972.02,8949925,1,2
3930,K04429.01,4584865,0,3
3931,K04430.01,9642018,1,4
3932,K02433.05,11968463,0,3
3933,K04222.01,9183378,1,3
3934,K04223.01,11188254,0,5
3935,K04224.01,1724513,0,1
3936,K04225.01,9535876,0,3
3937,K04293.01,5817533,0,5
3938,K04294.01,7681230,0,3
3939,K04295.01,7596240,1,3
3940,K04296.01,7661893,1,4
3941,K07656.01,3448456,0,2
3942,K04297.01,12107008,0,2
3943,K04363.01,9776794,1,1
3944,K04364.01,7427764,1,5
3945,K02722.05,7673192,1,2
3946,K04365.01,4754831,0,4
3947,K04365.02,4754831,0,4
3948,K04439.01,9899630,0,2
3949,K04440.01,4367528,0,4
3950,K04441.01,8416523,1,5
3951,K04442.01,11124436,1,5
3952,K04443.01,5780855,1,4
3953,K07666.01,3751231,0,1
3954,K04226.01,9491832,1,3
3955,K04227.01,7816665,0,3
3956,K04228.01,9535881,0,4
3957,K04229.01,11616596,0,1
3958,K04230.01,9872831,1,4
3959,K04298.01,2852941,1,1
3960,K04299.01,8508126,0,3
3961,K02541.02,12306058,1,5
3962,K04300.01,8507475,1,3
3963,K04301.01,8773015,1,4
3964,K04365.03,4754831,0,4
3965,K04366.01,10647452,1,3
3966,K07657.01,3531231,0,3
3967,K04367.01,4773392,1,3
3968,K04368.01,5471489,0,5
3969,K04368.02,5471489,0,5
3970,K04369.01,9011874,0,2
3971,K04431.01,9936080,1,4
3972,K04431.02,9936080,0,4
3973,K04432.01,8611344,0,3
3974,K04433.01,9518651,0,2
3975,K04434.01,2305311,0,5
3976,K04231.01,6383595,0,2
3977,K02442.02,11080405,1,1
3978,K04232.01,11509504,1,5
3979,K04233.01,6599949,0,4
3980,K04234.01,11611275,1,3
3981,K04302.01,6290935,1,5
3982,K04303.01,12734396,1,2
3983,K04304.01,11612280,1,3
3984,K04305.01,5536715,0,5
3985,K04306.01,8149484,0,5
3986,K04370.01,12407623,0,3
3987,K04371.01,11444514,1,4
3988,K02732.02,9886361,1,4
3989,K04372.01,9702006,1,5
3990,K04373.01,6778008,0,5
3991,K04435.01,8278685,1,3
3992,K04436.01,8308260,0,3
3993,K04437.01,8492101,0,3
3994,K03004.02,6103377,1,3
3995,K07662.01,3660581,1,1
3996,K04438.01,6343576,0,1
3997,K04235.01,10794974,1,1
3998,K04236.01,2449101,0,3
3999,K04237.01,7259249,0,5
4000,K04238.01,8678691,0,4
4001,K04239.01,9640924,0,5
4002,K04307.01,3558849,1,3
4003,K04308.01,11151677,0,2
4004,K04309.01,11037128,0,2
4005,K00612.03,6587002,1,5
4006,K02563.02,5175024,1,3
4007,K04374.01,10991114,1,4
4008,K04375.01,11969092,0,5
4009,K04376.01,2570773,0,4
4010,K04377.01,4945764,1,2
4011,K04378.01,6356885,0,5
4012,K07658.01,3542542,0,3
4013,K04444.01,11718389,1,4
4014,K04445.01,11124703,0,3
4015,K04446.01,10329196,1,1
4016,K04447.01,10604592,1,3
4017,K03043.02,9834731,1,3
4018,K04240.01,9593773,0,5
4019,K04241.01,9285568,1,1
4020,K02458.02,7604328,1,1
4021,K04242.01,9514372,1,2
4022,K04243.01,9777757,0,5
4023,K04310.01,7103919,1,1
4024,K07668.01,3762750,1,3
4025,K04311.01,8645191,0,1
4026,K04312.01,10722485,1,4
4027,K04313.01,9717958,0,2
4028,K04314.01,8128067,0,1
4029,K04379.01,7703910,0,1
4030,K04380.01,7777818,0,5
4031,K04381.01,9851360,0,3
4032,K02732.04,9886361,1,4
4033,K04382.01,6937529,1,5
4034,K04173.01,9490653,0,1
4035,K04174.01,3328027,0,5
4036,K07659.01,3644631,0,3
4037,K04175.01,9640931,0,1
4038,K04176.01,5125196,0,3
4039,K04177.01,9640962,0,3
4040,K04244.01,5097454,0,5
4041,K04245.01,12737015,1,5
4042,K07663.01,3663141,0,2
4043,K04246.01,5177859,1,1
4044,K04247.01,8482059,1,1
4045,K04248.01,4568117,0,2
4046,K04315.01,10342248,0,2
4047,K04316.01,9777290,0,2
4048,K04317.01,8548427,0,2
4049,K04318.01,9286088,1,5
4050,K04319.01,6289344,0,3
4051,K04382.02,6937529,1,5
4052,K04383.01,9883606,1,5
4053,K04384.01,5860968,1,1
4054,K04385.01,3645438,1,2
4055,K04386.01,8480582,1,4
4056,K04178.01,5197233,1,1
4057,K04179.01,10936786,0,4
4058,K00566.03,7119481,1,2
4059,K04180.01,6938264,0,3
4060,K04181.01,9899315,0,3
4061,K04182.01,9541089,0,5
4062,K04249.01,3650049,0,1
4063,K04250.01,9641076,0,2
4064,K04251.01,8741470,1,2
4065,K02485.02,11125613,1,3
4066,K04252.01,10525049,1,3
4067,K02579.02,9896018,1,3
4068,K04320.01,5095082,1,1
4069,K04321.01,12418891,0,1
4070,K07669.01,3839294,0,2
4071,K04322.01,7698701,0,1
4072,K04322.02,7698701,0,1
4073,K04387.01,2830919,0,2
4074,K04388.01,9588822,0,4
4075,K04389.01,2997459,1,5
4076,K04390.01,8330207,1,2
4077,K02744.02,5881813,1,4
4078,K02365.02,11560897,1,4
4079,K04183.01,10858737,0,2
4080,K04184.01,6752002,1,2
4081,K04185.01,7257966,1,3
4082,K07660.01,3644738,0,3
4083,K04186.01,9406892,0,5
4084,K04253.01,9202434,1,2
4085,K04254.01,8487645,0,3
4086,K04255.01,10407482,1,5
4087,K04256.01,5817613,0,4
4088,K04257.01,7901016,1,4
4089,K04323.01,5385410,1,5
4090,K04324.01,9910942,0,3
4091,K04325.01,7749002,1,2
4092,K04326.01,10924340,0,1
4093,K04327.01,5371777,1,5
4094,K07670.01,3848083,1,4
4095,K04391.01,6359926,1,5
4096,K04392.01,6629993,0,2
4097,K04393.01,8324518,1,2
4098,K04394.01,10427700,0,3
4099,K04395.01,3103473,1,4
4100,K04396.01,11296045,0,5
4101,K04187.01,3124598,0,5
4102,K04188.01,6879171,1,2
4103,K04189.01,9897364,1,2
4104,K04190.01,12505503,1,3
4105,K04191.01,3548639,0,1
4106,K07695.01,4390912,0,4
4107,K04258.01,7115925,0,2
4108,K04259.01,5785279,1,5
4109,K04260.01,7429287,0,3
4110,K04261.01,10526887,1,2
4111,K02485.03,11125613,1,3
4112,K04328.01,3545583,0,5
4113,K02579.03,9896018,1,3
4114,K04329.01,12456063,1,1
4115,K04330.01,8374741,0,3
4116,K04331.01,5096053,1,4
4117,K04396.02,11296045,0,5
4118,K04396.03,11296045,0,5
4119,K04397.01,3247503,0,3
4120,K04398.01,5802637,1,4
4121,K00647.02,5531694,1,3
4122,K02842.03,8733898,1,3
4123,K04192.01,9828127,1,3
4124,K02420.02,7107802,1,4
4125,K07689.01,4281068,0,5
4126,K04193.01,9092496,0,1
4127,K04194.01,5644412,1,1
4128,K04195.01,9959545,0,4
4129,K04262.01,9641144,0,5
4130,K04263.01,8572168,0,5
4131,K07696.01,4472143,0,5
4132,K04264.01,12509829,1,1
4133,K04265.01,7368137,0,1
4134,K04266.01,9027841,0,5
4135,K04332.01,8953414,0,2
4136,K04333.01,2576962,1,4
4137,K04334.01,10140274,1,2
4138,K04335.01,10730070,1,1
4139,K04336.01,4458109,0,3
4140,K04399.01,8345384,1,2
4141,K04400.01,2831055,1,2
4142,K04401.01,11044826,0,4
4143,K04402.01,6681687,0,1
4144,K04403.01,7703882,1,4
4145,K04196.01,8179190,0,3
4146,K04197.01,9777724,0,4
4147,K04198.01,9072639,1,4
4148,K04199.01,5340878,1,4
4149,K04200.01,10273903,0,5
4150,K04267.01,7450747,1,5
4151,K04268.01,7826620,1,3
4152,K04269.01,8890924,1,4
4153,K04269.02,8890924,1,4
4154,K04270.01,8483241,0,4
4155,K04337.01,8573193,1,1
4156,K04338.01,9240664,0,3
4157,K02585.02,7673841,1,2
4158,K04339.01,7281411,0,4
4159,K04340.01,6528141,0,5
4160,K04404.01,8106112,0,4
4161,K07679.01,4054784,1,1
4162,K04405.01,10745365,1,5
4163,K04406.01,5563937,0,1
4164,K04407.01,8396660,1,5
4165,K04408.01,10736179,0,4
4166,K04201.01,6119921,0,3
4167,K04202.01,5084171,1,3
4168,K07684.01,4141587,0,5
4169,K02433.03,11968463,1,3
4170,K04203.01,3834317,0,5
4171,K04204.01,10593535,1,1
4172,K02498.02,5959719,1,2
4173,K04271.01,5992210,0,4
4174,K07690.01,4284980,0,2
4175,K04272.01,9302543,0,2
4176,K04273.01,9716028,1,5
4177,K04274.01,6223324,1,1
4178,K04617.01,9701962,1,2
4179,K04618.01,6685646,0,1
4180,K07697.01,4574319,0,4
4181,K04619.01,7741837,0,1
4182,K04620.01,11137065,0,5
4183,K04621.01,11093335,0,1
4184,K04690.01,9394768,0,2
4185,K04691.01,9773980,1,1
4186,K04692.01,10972902,0,5
4187,K00806.04,3832474,0,4
4188,K03194.01,12004971,0,3
4189,K04479.01,3644602,0,2
4190,K04480.01,10467714,1,4
4191,K04481.01,11912941,0,1
4192,K07685.01,4141593,1,3
4193,K04482.01,7778427,1,4
4194,K04483.01,6525106,0,1
4195,K04549.01,6523058,1,2
4196,K04550.01,5977470,1,1
4197,K04551.01,11769689,1,5
4198,K07691.01,4355503,0,2
4199,K04552.01,6119923,0,2
4200,K04553.01,6126076,0,1
4201,K04622.01,11284772,1,2
4202,K04623.01,9209183,0,4
4203,K03179.01,6153407,1,3
4204,K04624.01,5955621,0,4
4205,K04625.01,11519187,1,2
4206,K04693.01,8417078,1,3
4207,K04694.01,9457948,1,5
4208,K04695.01,4852297,0,2
4209,K04696.01,9851845,0,3
4210,K04697.01,9474483,0,3
4211,K07680.01,4072271,1,2
4212,K04484.01,9898017,1,5
4213,K04485.01,8613218,0,1
4214,K04486.01,8548069,0,2
4215,K03158.02,6278762,1,4
4216,K04487.01,8098212,1,5
4217,K03164.01,3127911,0,2
4218,K04554.01,6369131,1,4
4219,K04555.01,7820699,1,4
4220,K04556.01,10399321,0,2
4221,K04557.01,10257229,1,4
4222,K04626.01,3539231,1,4
4223,K04627.01,6311891,1,3
4224,K04628.01,7837733,0,3
4225,K04629.01,2578017,0,4
4226,K04630.01,7834045,1,2
4227,K04698.01,10663738,1,2
4228,K04699.01,7891294,1,2
4229,K04700.01,9413156,1,5
4230,K04701.01,8625732,0,3
4231,K04702.01,2831251,0,5
4232,K04488.01,6721380,0,4
4233,K04489.01,7694615,0,3
4234,K04490.01,6201203,0,2
4235,K04491.01,4556468,1,3
4236,K04492.01,9222516,0,3
4237,K04558.01,5431027,1,5
4238,K04559.01,7285673,0,1
4239,K04560.01,5282437,0,5
4240,K04561.01,7747457,1,2
4241,K04562.01,8652360,0,3
4242,K04631.01,9602421,0,3
4243,K04632.01,6070337,1,3
4244,K04633.01,5954001,1,4
4245,K07692.01,4373195,0,4
4246,K03182.01,5090937,0,4
4247,K04634.01,8196226,1,1
4248,K03196.01,9002538,1,4
4249,K04703.01,6359175,0,2
4250,K04704.01,8104207,0,2
4251,K04705.01,5642688,1,5
4252,K04706.01,10026502,1,5
4253,K04493.01,3953173,0,5
4254,K04494.01,8037926,0,1
4255,K04495.01,5552562,1,1
4256,K04496.01,6186182,1,2
4257,K07681.01,4073017,1,4
4258,K00701.05,9002278,1,1
4259,K04563.01,10585749,1,5
4260,K03165.01,9579208,1,1
4261,K04564.01,6437617,0,2
4262,K04565.01,8453851,0,5
4263,K04566.01,11650401,1,5
4264,K04635.01,9873759,0,4
4265,K04636.01,9773270,1,5
4266,K04637.01,9457728,1,5
4267,K04638.01,9516728,0,1
4268,K04639.01,4825872,0,2
4269,K04707.01,4680772,0,5
4270,K04708.01,8110733,0,4
4271,K04709.01,2303903,1,1
4272,K04710.01,9278216,1,3
4273,K04711.01,8355131,1,4
4274,K03158.03,6278762,1,4
4275,K04497.01,12645057,1,5
4276,K04498.01,4844367,1,4
4277,K04499.01,10937749,1,4
4278,K04500.01,9100953,1,2
4279,K04567.01,8332521,1,1
4280,K04568.01,10407086,0,2
4281,K07682.01,4073089,0,5
4282,K04569.01,6065351,0,3
4283,K04570.01,4060229,1,3
4284,K04571.01,6761777,1,4
4285,K04639.02,4825872,0,2
4286,K04640.01,9412623,1,1
4287,K04641.01,3644505,0,5
4288,K04642.01,4664743,0,5
4289,K03184.01,4735826,1,3
4290,K04722.01,6593734,0,1
4291,K03197.01,8443527,1,3
4292,K04723.01,9711297,0,4
4293,K04724.01,8395860,0,3
4294,K04725.01,7778621,1,2
4295,K04726.01,5956354,0,1
4296,K04500.02,9100953,1,2
4297,K04501.01,8109107,0,3
4298,K04502.01,6200529,0,5
4299,K04503.01,10907132,1,5
4300,K04504.01,6520753,1,4
4301,K04572.01,6929285,0,1
4302,K04573.01,4848321,0,4
4303,K03167.01,12255382,0,1
4304,K04574.01,6522745,0,5
4305,K04575.01,9893468,1,4
4306,K04643.01,11655826,1,3
4307,K04644.01,1721157,1,5
4308,K04645.01,11076276,0,1
4309,K04646.01,12012439,0,4
4310,K04647.01,9947653,1,1
4311,K04712.01,4374610,0,1
4312,K03196.02,9002538,1,4
4313,K04713.01,5253802,1,4
4314,K04714.01,12554634,1,3
4315,K04715.01,6264750,1,3
4316,K04716.01,11290515,1,2
4317,K04504.02,6520753,1,4
4318,K03158.04,6278762,1,4
4319,K04505.01,8493354,1,2
4320,K04506.01,4545570,1,4
4321,K04507.01,7598111,0,5
4322,K04508.01,5457326,1,3
4323,K04576.01,8240746,0,2
4324,K04577.01,10610039,1,1
4325,K04578.01,9652655,0,5
4326,K04579.01,10140843,0,4
4327,K04580.01,8628761,1,3
4328,K04648.01,10473272,0,2
4329,K04649.01,4750669,1,2
4330,K04650.01,9824928,0,1
4331,K04651.01,6717252,1,3
4332,K04652.01,5817685,0,1
4333,K04717.01,4902202,1,3
4334,K04718.01,7282042,0,1
4335,K04719.01,7523542,0,4
4336,K04720.01,3109937,0,3
4337,K04721.01,9386171,0,2
4338,K04509.01,11350118,1,4
4339,K04510.01,11671579,1,4
4340,K04511.01,11553598,0,3
4341,K04512.01,12069414,0,2
4342,K04513.01,9216775,1,5
4343,K04581.01,2572029,1,1
4344,K04582.01,7905106,1,3
4345,K04583.01,9007151,1,4
4346,K03168.01,4450844,1,3
4347,K04584.01,8443265,0,4
4348,K03185.01,3240406,0,3
4349,K04653.01,11181260,1,5
4350,K04654.01,5090803,0,3
4351,K04655.01,2558163,1,4
4352,K04656.01,8107611,1,2
4353,K04727.01,8377197,0,3
4354,K04728.01,6137779,0,1
4355,K04729.01,11913072,0,3
4356,K04730.01,8752940,1,4
4357,K04731.01,9083470,0,4
4358,K04514.01,5783732,0,5
4359,K03158.05,6278762,1,4
4360,K04515.01,7900100,0,4
4361,K04516.01,9849884,0,5
4362,K04517.01,11243547,0,2
4363,K07693.01,4384909,1,2
4364,K04585.01,9009036,1,4
4365,K04586.01,11506654,1,4
4366,K04587.01,5687700,1,3
4367,K04588.01,8806985,1,2
4368,K04589.01,10491525,0,5
4369,K07675.01,3859042,0,3
4370,K04657.01,6527078,1,5
4371,K04658.01,4946049,0,5
4372,K04659.01,2857607,1,4
4373,K04660.01,5559651,0,2
4374,K04661.01,5962262,1,4
4375,K04448.01,5437348,0,3
4376,K04449.01,8429668,0,3
4377,K04450.01,7429240,1,2
4378,K04451.01,10120548,1,2
4379,K04452.01,4474462,1,2
4380,K04518.01,7032001,0,5
4381,K07685.02,4141593,1,3
4382,K04519.01,10003058,1,1
4383,K04520.01,9031703,1,2
4384,K04521.01,6199864,0,1
4385,K04522.01,9577855,0,5
4386,K04590.01,12204137,1,3
4387,K07694.01,4386607,0,1
4388,K04591.01,5389956,1,2
4389,K04592.01,12108364,0,3
4390,K04593.01,8295671,0,2
4391,K00750.02,10662202,1,3
4392,K04662.01,10407210,0,1
4393,K03188.01,7457278,0,1
4394,K07676.01,3934657,1,2
4395,K04663.01,7515336,1,4
4396,K04664.01,8984755,0,3
4397,K04665.01,7366895,0,2
4398,K04453.01,10729472,0,5
4399,K04454.01,6200612,0,4
4400,K04455.01,9777200,0,2
4401,K04456.01,3557560,1,1
4402,K04457.01,12109267,1,5
4403,K04523.01,8700895,1,5
4404,K04524.01,5003670,1,3
4405,K03159.01,5200084,0,1
4406,K07686.01,4144873,0,3
4407,K04524.02,5003670,1,3
4408,K04525.01,9171886,0,2
4409,K03172.02,3337061,0,3
4410,K04594.01,5696918,0,1
4411,K04595.01,12265786,1,1
4412,K04596.01,8487838,0,4
4413,K04597.01,10873178,1,5
4414,K04666.01,11337012,1,4
4415,K04667.01,8359569,1,4
4416,K04668.01,8937762,0,2
4417,K04669.01,2720828,0,4
4418,K04670.01,9837828,1,1
4419,K03061.02,4857058,1,3
4420,K04458.01,8652577,0,3
4421,K04459.01,8804937,0,1
4422,K04460.01,9947389,1,2
4423,K04461.01,11912987,0,1
4424,K04526.01,3765917,1,5
4425,K07683.01,4136659,0,5
4426,K04527.01,3438976,0,4
4427,K04528.01,7833305,1,1
4428,K04529.01,6610064,0,3
4429,K04530.01,12647577,1,1
4430,K04598.01,5476671,0,4
4431,K04599.01,7335972,0,4
4432,K07687.01,4252671,1,2
4433,K04600.01,2694632,0,2
4434,K04601.01,11153476,1,5
4435,K04602.01,6144039,1,1
4436,K04671.01,5428471,0,5
4437,K04672.01,7283710,0,1
4438,K03190.01,5985713,1,5
4439,K04673.01,10794509,0,5
4440,K04674.01,6839010,1,1
4441,K04462.01,9775385,1,4
4442,K04463.01,6197344,1,1
4443,K04464.01,11357664,1,1
4444,K04465.01,2576224,0,2
4445,K07677.01,3967501,0,1
4446,K04466.01,7272132,1,1
4447,K04531.01,6437226,0,1
4448,K04532.01,2710623,0,2
4449,K04533.01,3330684,0,1
4450,K03161.01,2696703,0,5
4451,K04534.01,7699298,0,4
4452,K04603.01,8430053,1,5
4453,K03174.01,7115661,0,4
4454,K04604.01,2853889,0,4
4455,K04605.01,12458605,1,4
4456,K04606.01,4845862,0,4
4457,K04675.01,10130057,0,5
4458,K04676.01,4953173,1,4
4459,K04677.01,9838608,0,5
4460,K04678.01,4247811,0,4
4461,K04679.01,6543645,0,2
4462,K04467.01,5352640,1,4
4463,K03157.01,8738244,0,4
4464,K04468.01,4157052,0,4
4465,K04469.01,10006641,0,4
4466,K04470.01,10815916,0,3
4467,K04535.01,3547760,0,4
4468,K04536.01,7281484,0,4
4469,K04537.01,4848115,0,4
4470,K07678.01,4048898,1,5
4471,K04538.01,5991765,0,4
4472,K04539.01,3962872,0,1
4473,K04607.01,11912911,0,4
4474,K04608.01,7045435,0,3
4475,K04609.01,2972800,0,1
4476,K04610.01,8573168,0,4
4477,K04611.01,10801249,0,5
4478,K04680.01,4587135,1,2
4479,K04681.01,3857860,0,4
4480,K04682.01,5024252,0,1
4481,K03193.01,7430876,0,4
4482,K04683.01,4843592,0,4
4483,K04684.01,9602775,0,3
4484,K04471.01,8955709,0,1
4485,K04472.01,7031430,0,4
4486,K04473.01,7133294,1,4
4487,K04474.01,4381429,1,1
4488,K04475.01,11912916,0,5
4489,K04540.01,12108293,0,4
4490,K07724.01,5301093,0,4
4491,K04541.01,5511659,1,4
4492,K04542.01,9640946,0,1
4493,K04543.01,9776186,0,1
4494,K03162.01,9752973,0,5
4495,K04612.01,8044600,0,5
4496,K04613.01,10220837,1,2
4497,K03178.01,10991239,0,5
4498,K04614.01,7583650,1,1
4499,K04615.01,9345819,0,5
4500,K04616.01,9180566,0,4
4501,K04685.01,3867794,1,1
4502,K04686.01,5819801,1,2
4503,K04687.01,11092040,0,3
4504,K04688.01,4851145,0,3
4505,K04689.01,10292540,0,2
4506,K04476.01,3732894,0,3
4507,K04477.01,6276791,1,2
4508,K03158.01,6278762,1,4
4509,K04477.02,6276791,1,2
4510,K04478.01,8636600,1,1
4511,K04544.01,10220950,0,1
4512,K04545.01,10140122,1,3
4513,K04546.01,5033823,1,3
4514,K04547.01,10342316,0,4
4515,K07725.01,5305399,0,4
4516,K04548.01,3223433,1,5
4517,K04904.01,8803757,1,1
4518,K04905.01,12021811,0,1
4519,K04906.01,9479306,1,2
4520,K04907.01,5437762,1,4
4521,K04908.01,3962684,0,1
4522,K07702.01,4730442,0,2
4523,K03296.01,9447166,1,5
4524,K03297.01,9643043,0,5
4525,K03298.01,8151055,1,1
4526,K03299.01,7177555,0,4
4527,K01196.02,3348082,1,5
4528,K07712.01,4996057,1,1
4529,K04763.01,8349399,1,2
4530,K04764.01,6043562,1,4
4531,K04765.01,10615440,1,5
4532,K04766.01,4919550,1,1
4533,K04767.01,5802292,0,3
4534,K07718.01,5126932,0,3
4535,K04835.01,10034146,0,3
4536,K04836.01,4175105,0,2
4537,K04837.01,5645170,1,5
4538,K04838.01,8216763,1,5
4539,K04839.01,9110610,1,3
4540,K04909.01,2437897,0,2
4541,K04910.01,9307966,0,1
4542,K03223.01,5556726,0,3
4543,K04911.01,2554853,0,2
4544,K04912.01,5208962,1,3
4545,K03300.01,7889486,0,4
4546,K03300.02,7889486,0,4
4547,K07703.01,4742188,1,1
4548,K03301.01,8301878,1,4
4549,K03302.01,8233802,0,3
4550,K03303.01,7510820,1,5
4551,K04768.01,10221505,1,4
4552,K04769.01,6116035,0,5
4553,K04770.01,8958359,0,3
4554,K04771.01,11658036,1,3
4555,K04772.01,8397947,1,4
4556,K04840.01,6665860,1,3
4557,K03214.01,7983117,1,5
4558,K04841.01,5480884,0,1
4559,K04842.01,12506417,0,1
4560,K04843.01,10187563,0,5
4561,K04913.01,5769810,1,1
4562,K04914.01,12071754,1,3
4563,K03224.01,10384298,1,2
4564,K03225.01,3109550,1,4
4565,K03226.01,5544450,0,1
4566,K03304.01,9307105,0,1
4567,K03305.01,6880517,1,3
4568,K03306.01,6615511,1,3
4569,K03307.01,6131130,1,1
4570,K03308.01,3632089,1,1
4571,K07704.01,4742452,1,3
4572,K03205.01,9959494,0,1
4573,K04772.02,8397947,1,4
4574,K04773.01,7906892,1,5
4575,K04774.01,4277304,1,5
4576,K04775.01,8626325,1,3
4577,K04844.01,3098605,1,2
4578,K04845.01,11456405,0,4
4579,K04846.01,8320630,1,5
4580,K04847.01,4544684,0,2
4581,K04848.01,9005321,1,1
4582,K03227.01,8975368,0,2
4583,K03230.01,9291039,0,2
4584,K07719.01,5168498,0,5
4585,K03231.01,10489539,0,5
4586,K03232.01,9569711,1,4
4587,K00279.03,12314973,1,1
4588,K01196.03,3348082,1,5
4589,K03308.02,3632089,1,1
4590,K03309.01,5563300,1,4
4591,K03310.01,12253769,1,1
4592,K03311.01,12735830,1,2
4593,K04776.01,8054719,1,3
4594,K04777.01,6592335,1,1
4595,K04778.01,5651829,0,4
4596,K07706.01,4762283,1,1
4597,K04779.01,9094763,0,3
4598,K04780.01,3849187,1,2
4599,K04849.01,2976017,1,5
4600,K04850.01,6786224,1,2
4601,K03216.01,10338279,0,5
4602,K04851.01,4851239,0,3
4603,K07713.01,5009688,0,1
4604,K04852.01,11072016,1,1
4605,K01101.02,3245969,1,2
4606,K03234.01,10057494,1,5
4607,K03236.01,7902003,1,4
4608,K03237.01,6587796,1,4
4609,K03238.01,9489953,0,3
4610,K03239.01,5305240,0,5
4611,K03312.01,11905409,1,1
4612,K03313.01,9571186,1,5
4613,K03314.01,9838060,0,4
4614,K03315.01,8554701,1,4
4615,K07726.01,5389632,0,2
4616,K03316.01,9031209,1,5
4617,K04781.01,5951416,0,1
4618,K03206.01,5612697,1,4
4619,K04782.01,8973285,1,4
4620,K04783.01,4645833,0,1
4621,K04784.01,8940918,0,2
4622,K04853.01,3758922,1,4
4623,K04854.01,8360041,1,3
4624,K04855.01,9827596,0,1
4625,K04856.01,9782748,1,2
4626,K04857.01,2860656,1,4
4627,K03240.01,6206559,0,5
4628,K07714.01,5024429,0,4
4629,K03241.01,9532117,0,4
4630,K03242.01,6928906,0,2
4631,K03243.01,9821151,0,4
4632,K03245.01,8073705,1,1
4633,K01132.02,8330548,0,3
4634,K03324.01,4271474,1,2
4635,K03325.01,5130983,0,4
4636,K01422.04,11497958,1,2
4637,K03326.01,11093538,0,2
4638,K03327.01,11044779,0,4
4639,K04785.01,6438379,0,1
4640,K04786.01,9145415,0,4
4641,K04787.01,4545926,0,4
4642,K04788.01,9396760,0,3
4643,K04789.01,5119619,0,1
4644,K04858.01,9582496,0,3
4645,K04859.01,7094944,1,2
4646,K04860.01,3343281,0,2
4647,K03217.01,2573108,0,5
4648,K04861.01,6425597,1,4
4649,K03246.01,9885417,1,5
4650,K03247.01,3336476,0,3
4651,K03248.01,10917433,1,2
4652,K07715.01,5091479,1,3
4653,K03249.01,9083564,0,4
4654,K03250.01,7335713,0,3
4655,K03318.01,8331612,1,2
4656,K01404.02,8874090,1,5
4657,K03318.02,8331612,1,2
4658,K07720.01,5185765,0,1
4659,K03319.01,5965819,1,1
4660,K03319.02,5965819,1,1
4661,K04790.01,8328916,1,1
4662,K04791.01,11294883,0,3
4663,K00806.05,3832474,0,4
4664,K03208.01,10155029,1,2
4665,K04792.01,11618569,1,3
4666,K04862.01,11973517,1,1
4667,K04863.01,5471566,0,1
4668,K04864.01,7345248,1,5
4669,K04865.01,5814013,0,3
4670,K04866.01,7117355,0,4
4671,K03252.01,5653072,0,1
4672,K03253.01,2707985,0,5
4673,K03254.01,9899141,0,2
4674,K03255.01,8183288,1,5
4675,K03256.01,11305996,0,5
4676,K03319.03,5965819,1,1
4677,K03320.01,6690171,1,2
4678,K03321.01,6859801,0,1
4679,K03322.01,7767733,0,1
4680,K03323.01,5193659,1,2
4681,K07721.01,5201593,0,3
4682,K04793.01,6220312,1,1
4683,K04794.01,6358937,1,3
4684,K04795.01,9007609,0,5
4685,K04796.01,11038580,0,4
4686,K04797.01,7771181,1,2
4687,K04867.01,9509223,0,4
4688,K04868.01,6720773,0,2
4689,K04869.01,8056651,0,2
4690,K04870.01,4665991,0,3
4691,K03218.01,10191036,0,3
4692,K01151.03,8280511,1,3
4693,K03257.01,10420301,0,5
4694,K03258.01,4366323,1,5
4695,K03259.01,2853029,1,5
4696,K03260.01,12156174,1,1
4697,K03328.01,4634135,0,1
4698,K03329.01,6955671,1,2
4699,K07716.01,5097856,1,1
4700,K03330.01,4736644,1,3
4701,K03331.01,5876805,0,2
4702,K03332.01,5818068,0,2
4703,K04798.01,10139390,0,4
4704,K04799.01,8278073,1,2
4705,K07722.01,5273713,0,3
4706,K04800.01,3526331,0,5
4707,K04801.01,10810859,1,4
4708,K03209.01,7017274,1,5
4709,K04871.01,6767227,1,4
4710,K04872.01,11496490,0,4
4711,K04873.01,1430305,0,4
4712,K04874.01,7117549,0,4
4713,K04875.01,2986833,1,3
4714,K03261.01,12055539,1,2
4715,K03262.01,12056139,1,5
4716,K03263.01,11853130,1,2
4717,K07707.01,4774646,0,3
4718,K03264.01,9345933,1,5
4719,K03265.01,10030778,0,2
4720,K04732.01,7870282,0,4
4721,K03200.01,11153259,0,1
4722,K04733.01,9021075,1,4
4723,K04734.01,5783938,0,3
4724,K04735.01,11338056,1,3
4725,K04802.01,3445812,0,2
4726,K04803.01,4473613,1,2
4727,K04804.01,10676750,1,3
4728,K04805.01,8960918,0,5
4729,K04806.01,4647662,0,1
4730,K04807.01,9822284,0,4
4731,K04876.01,8940700,0,4
4732,K04877.01,9581589,1,4
4733,K04878.01,11804437,1,5
4734,K04879.01,9850966,0,3
4735,K04880.01,8747009,0,1
4736,K03266.01,8826007,1,3
4737,K01151.04,8280511,1,3
4738,K03267.01,8620402,1,3
4739,K03268.01,8379021,0,5
4740,K03269.01,8104030,0,5
4741,K07708.01,4813793,1,2
4742,K04736.01,5282477,0,4
4743,K04737.01,7266212,1,2
4744,K04738.01,6681546,0,4
4745,K04739.01,6421137,0,3
4746,K04740.01,9893278,0,3
4747,K04808.01,9419020,1,3
4748,K04809.01,4548162,0,4
4749,K04810.01,4270799,1,2
4750,K04811.01,8811490,1,2
4751,K03211.01,7293937,0,1
4752,K04812.01,8043721,0,5
4753,K03219.01,7985733,0,2
4754,K04881.01,8094120,1,3
4755,K04882.01,6522824,0,4
4756,K04883.01,6802536,0,4
4757,K04884.01,4750341,0,2
4758,K04885.01,9935642,1,4
4759,K03270.01,6612327,0,1
4760,K03271.01,7285757,1,1
4761,K03271.02,7285757,1,1
4762,K03273.01,5211922,0,1
4763,K03274.01,5280587,1,1
4764,K04741.01,8129005,0,4
4765,K07709.01,4840156,0,1
4766,K04742.01,4138008,1,1
4767,K03202.01,4262040,1,4
4768,K04743.01,6468904,0,2
4769,K04744.01,5709906,0,5
4770,K04813.01,4840672,1,5
4771,K04814.01,9777556,0,2
4772,K04815.01,7287677,1,4
4773,K04816.01,10753922,0,5
4774,K04817.01,5980061,0,2
4775,K04886.01,7692248,1,5
4776,K04887.01,4059887,0,4
4777,K04888.01,8288741,0,4
4778,K04889.01,6852354,0,5
4779,K04890.01,6691169,1,3
4780,K01042.02,5816811,0,1
4781,K03275.01,5303346,0,4
4782,K03276.01,3858879,0,2
4783,K01151.05,8280511,1,3
4784,K03277.01,3120904,1,1
4785,K03278.01,3342467,0,3
4786,K04745.01,11757451,1,5
4787,K04746.01,2711597,0,4
4788,K04747.01,8047428,1,1
4789,K04748.01,11513486,1,5
4790,K07710.01,4851283,0,5
4791,K04749.01,6520519,1,1
4792,K04818.01,9459162,1,2
4793,K04819.01,5024138,0,4
4794,K04820.01,9969287,1,3
4795,K04821.01,9086001,0,1
4796,K03212.01,4927734,0,3
4797,K03220.01,11189311,1,5
4798,K04891.01,10747501,1,2
4799,K04892.01,10586744,1,4
4800,K04893.01,11970050,1,5
4801,K04894.01,10031918,0,3
4802,K07723.01,5276332,0,1
4803,K03279.01,3544640,1,3
4804,K03280.01,10653179,1,5
4805,K03282.01,12066569,1,2
4806,K03284.01,6497146,1,2
4807,K03285.01,8625813,0,2
4808,K07698.01,4651399,0,1
4809,K04750.01,5308296,1,5
4810,K04751.01,9953575,0,4
4811,K04752.01,7887890,0,1
4812,K03203.01,3122872,1,1
4813,K04753.01,4544628,0,4
4814,K04822.01,9702945,1,2
4815,K04823.01,11401253,1,2
4816,K04824.01,7052511,0,1
4817,K04825.01,4764774,0,4
4818,K04826.01,10549902,1,3
4819,K04895.01,12416597,1,4
4820,K04896.01,11135694,1,1
4821,K04897.01,9910828,0,5
4822,K04898.01,10065053,1,4
4823,K04899.01,11867608,0,1
4824,K03286.01,8016691,1,3
4825,K03287.01,6584273,1,1
4826,K03288.01,5768816,1,1
4827,K01192.02,3644071,0,1
4828,K03289.01,5360974,0,1
4829,K04754.01,10291589,1,3
4830,K04755.01,10118266,1,2
4831,K04756.01,5695615,1,4
4832,K07699.01,4670267,0,2
4833,K04757.01,7435780,0,5
4834,K04758.01,8938937,0,3
4835,K04827.01,5651846,1,5
4836,K04828.01,10556180,0,4
4837,K04829.01,12401132,1,5
4838,K04829.02,12401132,0,5
4839,K04830.01,8308070,0,3
4840,K04900.01,6424561,1,1
4841,K03221.01,6956136,0,1
4842,K04901.01,10661917,0,4
4843,K04902.01,10000162,1,4
4844,K04903.01,7799701,0,4
4845,K03291.01,6233483,0,2
4846,K03292.01,5392871,0,5
4847,K03293.01,3858851,0,3
4848,K03294.01,3858917,0,3
4849,K03295.01,4466356,0,1
4850,K04759.01,7949593,1,2
4851,K04760.01,9474232,0,1
4852,K04761.01,3859151,0,1
4853,K04762.01,7098255,1,4
4854,K03204.01,11456279,0,1
4855,K07700.01,4670361,1,1
4856,K03213.01,5398002,0,1
4857,K04831.01,6680911,0,4
4858,K04832.01,10356124,0,2
4859,K04833.01,10584140,1,4
4860,K04834.01,8233326,1,2
4861,K07711.01,4940203,1,2
4862,K03501.01,6286161,0,4
4863,K03502.01,5385471,0,4
4864,K03503.01,6368175,1,4
4865,K03504.01,5471158,0,2
4866,K03505.01,4847843,0,3
4867,K07717.01,5120225,0,3
4868,K03588.01,9656543,0,1
4869,K03589.01,10751515,0,4
4870,K03590.01,3348093,0,5
4871,K03591.01,6182846,0,4
4872,K01873.02,4939346,1,4
4873,K07778.01,6442602,0,2
4874,K03592.01,9851126,0,3
4875,K01613.02,6268648,1,5
4876,K03365.01,11455428,1,1
4877,K03366.01,10484409,0,4
4878,K03367.01,10935993,1,4
4879,K03368.01,5257082,1,5
4880,K03369.01,5796185,0,2
4881,K03434.01,8628665,1,1
4882,K03435.01,3945802,0,1
4883,K03436.01,6265665,1,4
4884,K07746.01,5881307,1,1
4885,K03437.01,4645174,1,2
4886,K03437.02,4645174,1,2
4887,K03506.01,8719419,0,5
4888,K03510.01,9028474,0,5
4889,K01803.02,4349442,0,1
4890,K07764.01,6124137,1,5
4891,K03511.01,3644542,0,1
4892,K03512.01,6182849,0,3
4893,K03513.01,9851142,0,2
4894,K03593.01,3442054,0,4
4895,K03594.01,4079530,0,2
4896,K07779.01,6445531,0,4
4897,K03595.01,10677186,0,1
4898,K03596.01,9025914,0,2
4899,K03597.01,9366988,0,3
4900,K03370.01,11657614,1,5
4901,K03370.02,11657614,1,5
4902,K07735.01,5687986,1,2
4903,K03371.01,11125797,1,2
4904,K03372.01,9785921,1,1
4905,K03373.01,3102000,0,5
4906,K03438.01,6599975,1,1
4907,K01731.02,8266276,0,5
4908,K07747.01,5887316,0,2
4909,K03439.01,4282191,1,1
4910,K03440.01,3559860,1,5
4911,K03441.01,10651945,0,5
4912,K03514.01,7117003,0,5
4913,K03515.01,3240159,0,1
4914,K07766.01,6147851,0,1
4915,K03516.01,9658118,0,4
4916,K03517.01,7132542,0,3
4917,K03518.01,8589754,0,4
4918,K03520.01,3757590,0,1
4919,K03598.01,2437149,0,2
4920,K03599.01,9715925,0,1
4921,K03600.01,9529733,0,4
4922,K03601.01,9613070,0,2
4923,K01875.02,9967771,1,1
4924,K03602.01,10845188,0,2
4925,K01627.03,6543893,1,2
4926,K07736.01,5709103,0,5
4927,K03374.01,6705026,1,3
4928,K03374.02,6705026,1,3
4929,K03375.01,6779726,1,4
4930,K03376.02,3098843,0,3
4931,K03377.01,5553959,1,1
4932,K03443.01,7288306,1,1
4933,K07748.01,5887393,0,2
4934,K03444.01,5384713,1,4
4935,K03444.02,5384713,1,4
4936,K03444.03,5384713,1,4
4937,K03445.01,11860395,1,4
4938,K03521.01,5456023,0,1
4939,K07768.01,6187888,0,5
4940,K01806.02,9529744,1,4
4941,K03522.01,12021387,0,5
4942,K03523.01,8044608,0,3
4943,K03524.01,8760135,0,4
4944,K03525.01,4073707,0,2
4945,K03603.01,5730394,0,2
4946,K07780.01,6451368,1,2
4947,K03604.01,6956216,0,2
4948,K03605.01,6137704,0,4
4949,K03606.01,10275074,0,3
4950,K03607.01,9110346,0,1
4951,K03608.01,10259301,0,3
4952,K03379.01,2995392,1,3
4953,K03380.01,3120308,0,5
4954,K03382.01,9991621,0,2
4955,K03383.01,8078502,1,5
4956,K03384.01,8644365,1,5
4957,K07749.01,5888187,1,4
4958,K03446.01,2852528,0,2
4959,K03448.01,3348216,1,1
4960,K01747.02,7032421,0,4
4961,K03449.01,10798838,0,5
4962,K03450.01,8560940,0,5
4963,K03451.01,10793576,1,3
4964,K03526.01,10292238,0,2
4965,K03527.01,8733497,0,1
4966,K03528.01,4255422,0,5
4967,K03529.01,9837544,0,2
4968,K03530.01,7877824,0,4
4969,K07781.01,6469946,0,4
4970,K03531.01,6947164,0,2
4971,K03609.01,6233903,0,4
4972,K03610.01,7212066,0,1
4973,K03610.02,7212066,0,1
4974,K01899.02,7047922,1,5
4975,K03611.01,6675060,0,5
4976,K07737.01,5716508,0,2
4977,K03612.01,10518735,0,1
4978,K01628.02,6975129,1,2
4979,K03384.02,8644365,1,5
4980,K03385.01,9489947,0,1
4981,K03386.01,6960487,0,2
4982,K07750.01,5894182,1,4
4983,K03387.01,6309264,0,2
4984,K03452.01,7021177,0,4
4985,K03454.01,7122259,0,1
4986,K03455.01,6947668,1,2
4987,K03456.01,6364582,1,3
4988,K07769.01,6190535,0,2
4989,K03457.01,9834257,0,5
4990,K00332.02,10290666,1,5
4991,K01806.03,9529744,1,4
4992,K03532.01,10748621,0,4
4993,K03533.01,4824268,0,3
4994,K07783.01,6527016,0,1
4995,K03534.01,6431670,0,1
4996,K03535.01,7376500,0,4
4997,K03618.01,9636559,0,2
4998,K03619.01,8095110,0,3
4999,K03620.01,11499263,0,2
5000,K01905.02,10328393,1,5
5001,K03621.01,9775253,0,3
5002,K03388.01,3858988,0,3
5003,K03389.01,3848966,1,4
5004,K03390.01,10798605,0,1
5005,K07751.01,5895083,0,3
5006,K03391.01,9452897,1,1
5007,K03392.01,9714123,0,1
5008,K03458.01,6118370,1,2
5009,K03459.01,2717158,1,2
5010,K01750.02,6209677,1,1
5011,K07770.01,6198256,0,5
5012,K03460.01,9664276,1,4
5013,K03461.01,2437112,0,4
5014,K03536.01,7987086,0,2
5015,K03537.01,7374746,0,5
5016,K03538.01,8668810,0,4
5017,K07782.01,6519865,0,2
5018,K03539.01,8868907,0,4
5019,K03540.01,3865298,0,3
5020,K03627.01,10091110,0,5
5021,K03627.02,10091110,0,5
5022,K03628.01,3542574,0,4
5023,K03629.01,3544694,0,2
5024,K00352.02,11521793,1,1
5025,K03393.01,9085563,1,4
5026,K01650.02,11337372,1,4
5027,K03394.01,7748487,1,2
5028,K03395.01,3219037,1,3
5029,K07753.01,5952448,0,3
5030,K03396.01,5710069,1,4
5031,K03462.01,9967009,1,5
5032,K03462.02,9967009,1,5
5033,K03464.01,11874338,0,1
5034,K03465.01,9763612,1,3
5035,K07771.01,6199716,0,1
5036,K03466.01,9468384,0,2
5037,K03541.01,8868364,0,4
5038,K01823.02,10092312,0,3
5039,K03542.01,3964545,0,5
5040,K03543.01,9656397,0,4
5041,K07727.01,5444491,0,3
5042,K03544.01,3735629,0,4
5043,K03545.01,8244173,0,3
5044,K03613.01,6546508,0,5
5045,K03614.01,9886224,0,2
5046,K03615.01,3735634,0,2
5047,K07738.01,5730380,0,2
5048,K03616.01,6058875,0,5
5049,K03617.01,10735564,0,2
5050,K03397.01,6200810,1,3
5051,K03398.01,3561464,1,3
5052,K03398.02,3561464,1,3
5053,K07754.01,5962509,0,3
5054,K03398.03,3561464,1,3
5055,K03399.01,6359802,0,3
5056,K03467.01,7121885,0,2
5057,K03468.01,5213404,1,2
5058,K03469.01,4844470,1,2
5059,K07772.01,6205566,0,5
5060,K01781.03,11551692,1,1
5061,K03470.01,9995771,1,4
5062,K03546.01,7287391,0,4
5063,K03547.01,6756202,0,1
5064,K03548.01,10215869,0,4
5065,K07728.01,5456319,0,2
5066,K03549.01,2307206,0,4
5067,K03550.01,7025540,0,5
5068,K03551.01,7620844,0,1
5069,K03622.01,6677267,0,2
5070,K03623.01,7732791,0,1
5071,K07739.01,5736801,0,2
5072,K03624.01,8177798,0,2
5073,K03625.01,10489521,0,5
5074,K03626.01,12643582,0,2
5075,K03400.01,9328641,0,3
5076,K03401.01,9966219,1,2
5077,K07756.01,5991070,0,4
5078,K01681.02,5531953,1,3
5079,K03402.01,3757778,0,5
5080,K03403.01,11754430,1,2
5081,K03470.02,9995771,1,4
5082,K03471.01,11875511,0,4
5083,K07773.01,6231721,1,1
5084,K03472.01,9536108,1,3
5085,K03473.01,8905246,1,4
5086,K03474.01,5213230,1,4
5087,K01830.02,3326377,1,3
5088,K03552.01,6233466,0,5
5089,K07729.01,5460434,1,4
5090,K03553.01,11249624,0,4
5091,K03554.01,6426592,0,5
5092,K03555.01,8491745,0,4
5093,K03556.01,3970117,0,2
5094,K03334.01,11147814,0,4
5095,K03335.01,10922659,1,3
5096,K03336.01,8892720,0,1
5097,K00284.04,6021275,1,3
5098,K01525.02,7869917,1,4
5099,K03403.02,11754430,1,2
5100,K07757.01,6032920,0,5
5101,K03404.01,8409295,1,4
5102,K03407.01,7131760,1,1
5103,K03408.01,11922778,1,4
5104,K03409.01,9468382,0,5
5105,K03475.01,6145201,0,5
5106,K03476.01,5986209,0,5
5107,K03477.01,9226339,0,1
5108,K03479.01,6525209,0,3
5109,K01788.02,2975770,1,5
5110,K03557.01,5534965,0,3
5111,K07730.01,5512513,0,3
5112,K03558.01,9965206,0,4
5113,K03559.01,4247023,0,1
5114,K03560.01,4848423,0,2
5115,K03561.01,11403216,0,2
5116,K01833.02,11853878,1,2
5117,K07740.01,5774375,0,1
5118,K03337.01,7692093,1,5
5119,K03338.01,8263752,0,2
5120,K03338.02,8263752,0,2
5121,K03339.01,7772914,1,1
5122,K03340.01,3529290,1,1
5123,K03340.02,3529290,1,1
5124,K03410.01,9285265,1,3
5125,K03411.01,6025124,1,1
5126,K03412.01,5780930,1,4
5127,K01681.03,5531953,1,3
5128,K03413.01,4164393,0,5
5129,K07774.01,6277410,1,3
5130,K03480.01,9843517,1,2
5131,K03481.01,8812045,1,5
5132,K03482.01,7288444,1,5
5133,K03483.01,3101923,1,2
5134,K03484.01,10881457,1,5
5135,K07731.01,5513861,0,5
5136,K03562.01,9948002,0,1
5137,K03563.01,5264304,0,3
5138,K03564.01,10960995,0,5
5139,K03565.01,9592575,0,2
5140,K03566.01,7898576,0,5
5141,K07741.01,5806800,0,4
5142,K03567.01,11671429,0,1
5143,K03341.01,5621333,1,4
5144,K03341.02,5621333,1,4
5145,K03342.01,5392897,0,3
5146,K03343.01,3236705,1,1
5147,K01545.02,5282049,0,2
5148,K03344.01,11810124,1,5
5149,K03414.01,6023859,0,3
5150,K03415.01,3433668,1,5
5151,K03416.01,2849140,1,4
5152,K03417.01,7503885,1,3
5153,K03418.01,3629330,1,2
5154,K03485.01,5471289,0,1
5155,K03486.01,8121328,1,5
5156,K03487.01,9783760,0,4
5157,K03489.01,9528430,0,5
5158,K07732.01,5529552,0,4
5159,K03490.01,8882847,0,1
5160,K03568.01,9773869,0,1
5161,K03569.01,6707942,0,4
5162,K03570.01,5023948,0,1
5163,K03571.01,5113053,0,4
5164,K07742.01,5817957,0,3
5165,K01833.03,11853878,1,2
5166,K03572.01,4743508,0,2
5167,K03344.02,11810124,1,5
5168,K03345.01,11303322,1,2
5169,K03346.01,11241912,1,5
5170,K07759.01,6043538,1,4
5171,K03347.01,8824737,1,3
5172,K03348.01,9349757,1,5
5173,K03419.01,11519134,0,2
5174,K03420.02,7289338,1,5
5175,K03421.01,5004909,1,4
5176,K07775.01,6278670,1,2
5177,K03422.01,5898983,1,1
5178,K01707.02,7703955,1,4
5179,K01792.02,8552719,0,5
5180,K03491.01,12164634,0,2
5181,K03492.01,5193077,0,5
5182,K07733.01,5617259,1,3
5183,K03493.01,8880123,1,3
5184,K03495.01,9474756,1,3
5185,K03573.01,10068919,0,4
5186,K03574.01,7353970,0,3
5187,K03575.01,12316447,0,3
5188,K07743.01,5823557,0,2
5189,K03576.01,10491554,0,1
5190,K03577.01,9785454,0,5
5191,K03349.01,8636333,1,1
5192,K03350.01,7136958,0,5
5193,K03351.01,1995732,0,3
5194,K07761.01,6069674,0,5
5195,K03352.01,8081239,1,5
5196,K01562.02,5308663,1,2
5197,K03423.01,3745559,1,3
5198,K03424.01,8356054,0,2
5199,K03425.01,9117416,1,5
5200,K07776.01,6356400,1,1
5201,K03425.02,9117416,1,5
5202,K03426.01,5900235,1,1
5203,K03495.02,9474756,1,3
5204,K03496.01,7517261,1,3
5205,K03496.02,7517261,1,3
5206,K07734.01,5653795,0,1
5207,K03497.01,8424002,1,2
5208,K03498.01,8635938,0,4
5209,K03578.01,10464666,0,1
5210,K03579.01,5024292,0,2
5211,K03580.01,4659255,0,4
5212,K03581.01,8263746,0,5
5213,K07744.01,5877292,1,5
5214,K01837.02,10657406,1,1
5215,K03582.01,3428468,0,5
5216,K03353.01,7091432,1,1
5217,K03354.01,9845909,1,3
5218,K03355.01,9221528,1,1
5219,K07762.01,6106046,1,1
5220,K03356.01,6368230,1,4
5221,K03357.01,7115291,0,4
5222,K03427.01,9907505,0,3
5223,K03428.01,9027909,1,3
5224,K03429.01,9230021,1,1
5225,K07777.01,6369845,0,2
5226,K03429.02,9230021,1,1
5227,K03429.03,9230021,0,1
5228,K00302.02,3662838,0,5
5229,K03499.01,5471688,0,5
5230,K01792.03,8552719,1,5
5231,K03499.02,5471688,0,5
5232,K03500.01,6058816,1,4
5233,K03500.02,6058816,1,4
5234,K03583.01,5130740,0,1
5235,K03584.01,9892471,0,5
5236,K03585.01,2019076,0,3
5237,K07745.01,5879448,0,2
5238,K03586.01,7376490,0,2
5239,K03587.01,11968513,0,2
5240,K03358.01,4263529,1,3
5241,K03360.01,7866921,0,2
5242,K03361.01,6619815,1,4
5243,K07763.01,6113752,0,5
5244,K03362.01,3098197,0,5
5245,K03363.01,11651712,1,2
5246,K01718.02,9896558,1,2
5247,K03430.01,7697103,1,4
5248,K03431.01,9267996,1,3
5249,K07808.01,7045605,0,4
5250,K03432.01,8738775,1,1
5251,K03433.01,7093401,1,2
5252,K03816.01,7877818,0,2
5253,K03817.01,5636642,0,4
5254,K03818.01,6515722,0,3
5255,K07788.01,6679504,0,3
5256,K03819.01,5560831,0,3
5257,K03820.01,5305404,0,5
5258,K03893.01,3728432,1,3
5259,K02092.03,6696580,1,5
5260,K03894.01,5473535,0,2
5261,K03895.01,12106934,0,2
5262,K03896.01,6222898,0,1
5263,K03897.01,3955866,0,5
5264,K03667.01,11200767,0,3
5265,K01955.03,9892816,1,1
5266,K03668.01,8589731,0,5
5267,K03669.01,4356766,0,3
5268,K03670.01,2167890,0,5
5269,K02011.02,5384079,1,1
5270,K03743.01,4935914,0,4
5271,K03744.01,11303811,0,4
5272,K03745.01,2437783,0,1
5273,K03746.01,12062660,0,3
5274,K03747.01,9777087,0,5
5275,K03821.01,5956776,0,2
5276,K03822.01,8883727,0,1
5277,K03823.01,4820550,1,1
5278,K03824.01,6516874,0,2
5279,K00435.03,11709124,1,3
5280,K03898.01,9161118,0,5
5281,K03899.01,3556229,0,1
5282,K03900.01,11911580,0,2
5283,K03901.01,9480535,1,4
5284,K03902.01,10583225,0,4
5285,K03903.01,5215251,0,5
5286,K03671.01,10383696,0,2
5287,K03672.01,9777090,0,4
5288,K03673.01,11455484,0,2
5289,K03674.01,2446623,0,2
5290,K03675.01,9596089,0,5
5291,K03676.01,5738506,0,3
5292,K03747.02,9777087,0,5
5293,K03748.01,4247807,0,2
5294,K03749.01,11547869,1,1
5295,K03750.01,7700590,0,3
5296,K03751.01,9053086,0,5
5297,K02055.02,3128552,1,3
5298,K03825.01,5467113,0,3
5299,K03826.01,8240123,0,5
5300,K03827.01,5114623,0,1
5301,K03827.02,5114623,0,1
5302,K03828.01,10031907,0,3
5303,K02093.02,6525946,1,4
5304,K03904.01,5480736,0,1
5305,K03905.01,8487748,0,5
5306,K03906.01,9892856,0,2
5307,K03907.01,7137213,0,3
5308,K07792.01,6795089,0,3
5309,K03677.01,3340313,0,2
5310,K01955.04,9892816,1,1
5311,K03678.01,4150804,1,2
5312,K03679.01,5021174,0,3
5313,K03680.01,9025971,1,5
5314,K03681.01,2581316,1,1
5315,K02018.02,9973109,1,4
5316,K03752.01,6314185,0,5
5317,K03753.01,8620561,0,4
5318,K03754.01,8937019,0,2
5319,K03755.01,9896435,0,3
5320,K03756.01,10352938,0,2
5321,K03830.01,10676927,0,2
5322,K03831.01,5649836,0,5
5323,K03832.01,7620660,0,1
5324,K03834.01,3836399,0,1
5325,K03835.01,2581554,1,5
5326,K02055.03,3128552,1,3
5327,K03908.01,10363115,1,4
5328,K03909.01,5966810,1,5
5329,K03910.01,10491062,0,5
5330,K03911.01,9761615,1,2
5331,K03912.01,4058881,0,3
5332,K07793.01,6863158,1,4
5333,K03681.02,2581316,1,1
5334,K03682.01,8621353,0,1
5335,K03683.01,10795103,1,5
5336,K03684.01,9394601,0,3
5337,K03685.01,8494410,0,5
5338,K03685.02,8494410,1,5
5339,K03757.01,6863161,0,1
5340,K03758.01,7840035,0,2
5341,K03759.01,8543279,0,2
5342,K03760.01,8047283,0,2
5343,K03761.01,8308347,1,3
5344,K07810.01,7090867,0,4
5345,K03836.01,7612691,0,5
5346,K03837.01,9761573,0,3
5347,K03838.01,8042789,0,5
5348,K03839.01,10095484,0,5
5349,K03840.01,5467102,0,4
5350,K07789.01,6780367,0,5
5351,K03913.01,10281221,1,1
5352,K02093.03,6525946,1,4
5353,K03914.01,5471496,0,1
5354,K03915.01,4544620,0,1
5355,K03916.01,5784777,1,1
5356,K07794.01,6863187,0,4
5357,K01960.02,6949061,1,5
5358,K03686.01,9719636,0,4
5359,K03687.01,2452440,0,5
5360,K03688.01,5020034,0,3
5361,K03689.01,7017372,1,3
5362,K07800.01,6974867,0,1
5363,K02028.03,7102316,1,1
5364,K03762.01,11518142,1,4
5365,K03763.01,3114667,0,3
5366,K03765.01,12109845,0,2
5367,K03766.01,3954227,0,4
5368,K03841.01,8651551,0,1
5369,K07811.01,7115550,0,1
5370,K03842.01,9532637,0,1
5371,K03843.01,5305451,0,3
5372,K03844.01,7174349,0,1
5373,K03845.01,11824218,0,4
5374,K02055.04,3128552,1,3
5375,K03925.01,10788461,1,4
5376,K03925.02,10788461,1,4
5377,K03925.03,10788461,1,4
5378,K03926.01,11667548,0,4
5379,K03927.01,8868649,0,1
5380,K03690.01,9715939,0,1
5381,K07795.01,6887030,1,1
5382,K03691.01,4751083,0,4
5383,K03691.02,4751083,0,4
5384,K03692.01,5903301,0,4
5385,K03693.01,7695087,0,5
5386,K03694.01,6200709,0,5
5387,K03767.01,8323764,1,5
5388,K07801.01,7013923,0,5
5389,K03768.01,5360082,0,1
5390,K03769.01,6543683,0,1
5391,K03770.01,5008245,1,2
5392,K03771.01,10555365,0,3
5393,K03772.01,5481426,0,2
5394,K03846.01,7983756,0,1
5395,K03847.01,7289165,0,2
5396,K03848.01,12784167,1,2
5397,K03849.01,8949316,0,3
5398,K03850.01,8912730,0,2
5399,K03851.01,9784230,0,3
5400,K03917.01,11466960,0,1
5401,K03918.01,3124420,0,5
5402,K03919.01,4649440,0,4
5403,K03920.01,2437488,0,3
5404,K03921.01,10083623,0,3
5405,K01972.02,11253711,1,2
5406,K03695.01,8043052,0,2
5407,K03696.01,5435816,0,5
5408,K03697.01,8559589,0,2
5409,K03698.01,4372765,0,1
5410,K02029.03,9489524,1,2
5411,K03773.01,10268903,0,2
5412,K07802.01,7017437,0,3
5413,K03775.01,7220320,0,4
5414,K03776.01,9291378,0,5
5415,K03777.01,4075067,1,1
5416,K03852.01,4949524,0,2
5417,K03853.01,2697935,0,2
5418,K07784.01,6531143,0,5
5419,K03854.01,3550434,0,4
5420,K03855.01,2558370,0,1
5421,K02059.02,12301181,1,2
5422,K03856.01,5397166,0,2
5423,K03922.01,7024530,0,5
5424,K03923.01,5015459,0,4
5425,K00435.04,11709124,1,3
5426,K02094.02,8505920,1,2
5427,K03924.01,1433980,0,5
5428,K03699.01,2438490,0,3
5429,K03700.01,3838496,0,4
5430,K03701.01,6470521,0,3
5431,K03702.01,2449090,0,2
5432,K03703.01,5652260,0,5
5433,K03704.01,2569494,0,3
5434,K03778.01,12405950,0,1
5435,K03779.01,5206233,0,3
5436,K07803.01,7031066,0,3
5437,K03780.01,6775985,0,2
5438,K03782.01,11357192,0,4
5439,K03783.01,9533489,0,5
5440,K03857.01,11825057,0,4
5441,K03858.01,12306699,0,4
5442,K03859.01,9692336,0,4
5443,K03860.01,9641008,0,5
5444,K03861.01,8588377,0,4
5445,K03862.01,3644601,0,4
5446,K03928.01,4242692,1,5
5447,K03929.01,8781480,0,1
5448,K07790.01,6783732,0,1
5449,K03930.01,11607176,0,5
5450,K03931.01,10661718,0,3
5451,K02098.02,6105462,1,2
5452,K01986.02,8257205,1,1
5453,K03705.01,6470516,0,2
5454,K07796.01,6891124,1,4
5455,K03706.01,7770471,0,1
5456,K03707.01,5130380,0,3
5457,K03708.01,6314173,0,5
5458,K03784.01,5688997,0,5
5459,K02029.04,9489524,1,2
5460,K07804.01,7031340,0,5
5461,K03785.01,4073730,0,1
5462,K03786.01,2854948,0,1
5463,K03787.01,7813039,1,3
5464,K03862.02,3644601,0,4
5465,K03863.01,8459354,0,3
5466,K07785.01,6531617,1,3
5467,K03864.01,4164922,1,3
5468,K02061.02,12061969,1,4
5469,K03864.02,4164922,1,3
5470,K01905.03,10328393,1,5
5471,K03630.01,10259029,0,3
5472,K03631.01,8299947,0,4
5473,K03632.01,3335813,0,5
5474,K03633.01,11858741,0,5
5475,K03634.01,6363494,0,4
5476,K03709.01,2576107,0,1
5477,K03710.01,9532421,0,1
5478,K07797.01,6936966,0,3
5479,K03711.01,5653849,0,3
5480,K03712.01,2437060,0,5
5481,K03713.01,8127648,0,3
5482,K03714.01,11564013,0,4
5483,K03788.01,9405541,0,2
5484,K03789.01,8906045,0,3
5485,K07805.01,7031638,0,3
5486,K03790.01,7296094,0,1
5487,K03791.01,5437945,1,4
5488,K03792.01,12009347,0,1
5489,K03793.01,4037163,0,2
5490,K03865.01,5535890,0,2
5491,K03866.01,5215980,0,4
5492,K03867.01,9353742,1,3
5493,K03868.01,9178185,0,3
5494,K03869.01,6290382,0,3
5495,K03635.01,3327992,0,2
5496,K03636.01,5649206,0,3
5497,K03637.01,5193384,0,2
5498,K03638.01,5181804,0,5
5499,K03639.01,10491544,0,4
5500,K01915.02,9101496,1,4
5501,K01992.02,11450414,1,3
5502,K03715.01,4937143,0,1
5503,K03716.01,8719324,0,3
5504,K03717.01,11241814,0,1
5505,K03718.01,5036537,0,3
5506,K03719.01,9837083,0,2
5507,K03794.01,12557548,1,4
5508,K02034.02,3657758,1,5
5509,K07806.01,7031726,0,4
5510,K03795.01,3338660,0,4
5511,K03796.01,3338674,0,2
5512,K03797.01,5546277,0,4
5513,K03870.01,8258160,0,1
5514,K03871.01,9752982,0,5
5515,K03872.01,4666008,0,3
5516,K03873.01,8430105,0,1
5517,K02076.02,9517393,1,3
5518,K03640.01,8052474,0,3
5519,K03641.01,3534118,0,5
5520,K03641.02,3534118,0,5
5521,K03642.01,2441161,0,2
5522,K03643.01,3231120,0,5
5523,K03644.01,12216706,0,4
5524,K03644.02,12216706,0,4
5525,K03720.01,10735331,0,5
5526,K03721.01,7763269,0,5
5527,K03722.01,8365739,1,5
5528,K03723.01,5471606,0,5
5529,K03724.01,11200405,0,4
5530,K03798.01,5475736,0,4
5531,K03799.01,9049673,0,2
5532,K07807.01,7031898,0,3
5533,K03800.01,9593759,0,1
5534,K03801.01,8827930,1,1
5535,K03802.01,5020044,0,1
5536,K03874.01,11560037,0,1
5537,K03875.01,11911561,0,1
5538,K07786.01,6547322,0,4
5539,K03876.01,3440118,1,3
5540,K03877.01,9159265,0,3
5541,K03878.01,4472818,1,4
5542,K03645.01,5816806,0,5
5543,K03646.01,6531496,0,2
5544,K03647.01,9661869,0,1
5545,K07791.01,6790592,1,4
5546,K01922.03,9411166,1,3
5547,K03648.01,3097352,0,4
5548,K03649.01,6066379,0,2
5549,K00416.03,6508221,1,2
5550,K02004.02,12154526,1,3
5551,K07798.01,6952971,1,3
5552,K03725.01,3459199,0,3
5553,K03726.01,6973796,0,1
5554,K03727.01,12023089,0,3
5555,K03803.01,6286155,0,1
5556,K03804.01,7831363,0,4
5557,K02039.02,8804845,1,2
5558,K03805.01,4663185,0,3
5559,K03806.01,5305471,0,5
5560,K03879.01,5560830,0,5
5561,K03880.01,4147444,1,2
5562,K03881.01,8211824,0,4
5563,K03882.01,5980800,0,4
5564,K03883.01,9592850,0,5
5565,K03650.01,6227560,0,5
5566,K03651.01,5866104,0,3
5567,K03652.01,8256044,0,3
5568,K03653.01,8780968,0,2
5569,K03654.01,6960446,0,1
5570,K03655.01,8264097,0,4
5571,K03728.01,7515679,1,2
5572,K03729.01,9674592,0,4
5573,K03729.02,9674592,0,4
5574,K03730.01,10879213,0,4
5575,K03731.01,5650314,0,3
5576,K07799.01,6962901,0,2
5577,K03732.01,8302302,0,5
5578,K03807.01,10581918,0,5
5579,K03808.01,3851949,0,4
5580,K03809.01,9097892,0,1
5581,K03810.01,5769943,1,5
5582,K03811.01,4638237,1,4
5583,K02078.02,9351316,1,4
5584,K03884.01,4579313,0,2
5585,K03885.01,11614528,0,1
5586,K03886.01,8848288,0,3
5587,K07787.01,6590307,0,5
5588,K03887.01,5308419,0,2
5589,K03656.01,6312521,0,1
5590,K03657.01,4579321,0,5
5591,K01932.02,5202905,1,1
5592,K03658.01,1575690,0,2
5593,K03659.01,4386047,0,1
5594,K03660.01,5103998,0,1
5595,K03733.01,9655858,0,5
5596,K02004.03,12154526,1,3
5597,K03734.01,10275880,0,4
5598,K03735.01,2166200,0,3
5599,K03736.01,3547315,0,4
5600,K03737.01,6933781,0,4
5601,K03812.01,6148271,0,4
5602,K03813.01,5386904,0,3
5603,K03814.01,2997178,0,3
5604,K02048.02,8956206,0,5
5605,K03815.01,6507433,1,3
5606,K03888.01,8260198,0,2
5607,K03889.01,10733174,0,5
5608,K03890.01,8564976,0,4
5609,K03891.01,8765560,1,1
5610,K03892.01,11760860,1,1
5611,K03661.01,7910148,0,3
5612,K03662.01,12459731,0,1
5613,K03663.01,12735740,1,3
5614,K03664.01,4678875,0,2
5615,K03665.01,7812175,0,5
5616,K03666.01,7708193,0,3
5617,K03738.01,5478083,0,2
5618,K03739.01,10857342,0,3
5619,K03740.01,5215700,0,4
5620,K03741.01,8780959,0,2
5621,K03741.02,8780959,1,2
5622,K03742.01,5565486,0,2
5623,K01776.01,8453214,0,1
5624,K01792.01,8552719,1,5
5625,K02027.01,8556077,0,5
5626,K07848.01,7757698,0,1
5627,K01859.01,8625821,0,1
5628,K01953.01,8652999,0,2
5629,K02088.01,12164770,0,3
5630,K02089.01,9541322,0,2
5631,K02112.01,10470616,0,3
5632,K02118.01,10362031,0,4
5633,K02127.01,6373680,0,2
5634,K01312.02,10963242,0,1
5635,K01408.02,9150827,0,1
5636,K03964.01,9957351,0,1
5637,K03965.01,5385575,0,2
5638,K03966.01,3732035,1,4
5639,K03967.01,5385697,0,4
5640,K03967.02,5385697,0,4
5641,K03968.01,8823833,0,3
5642,K01666.01,5008501,1,4
5643,K01667.01,5015913,0,5
5644,K01668.01,5103942,0,4
5645,K01670.01,5184709,1,2
5646,K01671.01,5195172,1,5
5647,K01782.01,8678664,0,2
5648,K01821.01,8832512,1,3
5649,K01844.01,8892721,0,4
5650,K07849.01,7778664,1,4
5651,K01993.01,9042357,0,5
5652,K01865.01,9115681,0,3
5653,K02320.01,10481045,0,3
5654,K02322.01,8107034,0,5
5655,K02326.01,3962751,0,2
5656,K02330.01,8582291,0,2
5657,K02334.01,5110683,0,1
5658,K02349.01,7967861,0,1
5659,K02359.01,8179325,0,4
5660,K02158.02,5211199,1,4
5661,K03969.01,5475494,0,5
5662,K03970.01,9412445,0,2
5663,K03971.01,7866914,0,4
5664,K03972.01,6057684,0,3
5665,K01673.01,5271608,0,5
5666,K01674.01,5357470,0,2
5667,K01676.01,5443775,0,4
5668,K01678.01,5527172,0,3
5669,K07837.01,7386391,0,2
5670,K01679.01,5529643,0,5
5671,K01785.01,9366989,0,1
5672,K01954.01,9468717,0,2
5673,K01742.01,9528420,0,3
5674,K01806.01,9529744,0,4
5675,K07850.01,7834712,1,4
5676,K01745.01,9574614,1,1
5677,K01795.01,9674608,0,2
5678,K02362.01,8495415,0,3
5679,K02391.01,10341905,0,2
5680,K02394.01,10336927,0,1
5681,K02396.01,12115188,0,3
5682,K02446.01,9850957,0,2
5683,K00439.02,12470954,0,5
5684,K02480.01,8189801,1,4
5685,K03973.01,11568224,0,1
5686,K03974.01,7938883,0,2
5687,K03975.01,9280239,1,5
5688,K03976.01,4544571,0,1
5689,K03977.01,3245661,0,4
5690,K01682.01,5618071,0,2
5691,K01689.01,6312534,0,5
5692,K01690.01,6470917,0,1
5693,K07838.01,7431709,0,4
5694,K01691.01,6611330,0,5
5695,K01694.01,6699368,0,3
5696,K01846.01,9886255,1,1
5697,K01966.01,9973855,0,3
5698,K01796.01,10019399,0,3
5699,K07851.01,7841368,0,1
5700,K01957.01,10028352,1,3
5701,K01827.01,10031707,0,2
5702,K01823.01,10092312,0,3
5703,K02500.01,10407054,0,1
5704,K02502.01,10880007,0,1
5705,K02515.01,8418129,0,3
5706,K02568.01,6525185,0,5
5707,K02570.01,10812504,0,4
5708,K02575.01,8107115,0,5
5709,K02584.01,10663411,0,4
5710,K03978.01,10090219,0,4
5711,K02162.02,9205938,1,2
5712,K03979.01,9899217,0,1
5713,K03980.01,6750902,0,1
5714,K03981.01,5895588,0,1
5715,K01695.01,6803855,1,4
5716,K01696.01,6891366,0,1
5717,K07839.01,7448023,0,3
5718,K01697.01,6891637,0,1
5719,K01698.01,6975615,0,5
5720,K01699.01,7137725,0,1
5721,K01981.01,10153855,1,4
5722,K01926.01,10230571,0,3
5723,K01896.01,10294613,0,2
5724,K07852.01,7879648,0,3
5725,K01763.01,10491044,0,2
5726,K01807.01,10614012,0,3
5727,K01999.01,10616415,0,4
5728,K02653.01,6525193,0,3
5729,K02661.01,6866251,0,4
5730,K07817.01,7117710,0,3
5731,K02663.01,7762723,1,3
5732,K02728.01,4178606,1,3
5733,K02742.01,5980208,1,3
5734,K03982.01,5303557,0,4
5735,K03983.01,10227863,0,2
5736,K07829.01,7281668,0,3
5737,K03984.01,8036287,1,3
5738,K03985.01,9602562,0,2
5739,K03986.01,10668665,0,5
5740,K03987.01,10407020,0,3
5741,K01703.01,7380829,0,4
5742,K07840.01,7470491,0,2
5743,K01709.01,7768952,0,1
5744,K01712.01,8162790,0,4
5745,K01714.01,9655129,0,4
5746,K01719.01,9899483,0,3
5747,K01963.01,10917681,1,3
5748,K07853.01,7882360,0,1
5749,K01887.01,10965740,0,4
5750,K01804.01,11187436,1,2
5751,K01774.01,11285136,0,3
5752,K02015.01,11298815,0,3
5753,K01771.01,11342573,0,3
5754,K07818.01,7134626,1,4
5755,K02793.01,9823519,1,3
5756,K02796.01,11246161,1,4
5757,K02806.01,7047824,1,2
5758,K02814.01,4479633,0,3
5759,K02818.01,4952341,0,5
5760,K02843.01,8176019,0,2
5761,K03988.01,5385491,0,1
5762,K02163.02,11358389,1,1
5763,K03989.01,5551504,0,3
5764,K03990.01,6421503,0,5
5765,K03991.01,10352333,1,3
5766,K07841.01,7538434,0,1
5767,K01635.01,10487119,0,5
5768,K01636.01,10621666,0,2
5769,K01638.01,10747439,0,5
5770,K01639.01,10749128,0,2
5771,K01640.01,10813841,0,1
5772,K01642.01,10879656,0,2
5773,K01947.01,12253474,1,2
5774,K01983.01,12691412,0,5
5775,K02041.01,5024482,0,1
5776,K02139.01,8175131,0,5
5777,K02141.01,3764879,1,4
5778,K07819.01,7177766,0,2
5779,K02591.01,5513897,0,2
5780,K02599.01,10664416,0,4
5781,K02612.01,9602613,1,5
5782,K02614.01,5807769,1,1
5783,K02630.01,11495766,0,4
5784,K07830.01,7282154,0,2
5785,K03992.01,3228988,0,2
5786,K03993.01,2970804,0,5
5787,K03994.01,7552701,0,3
5788,K03995.01,7418173,0,3
5789,K03996.01,3228804,0,2
5790,K01645.01,11045383,0,1
5791,K01652.01,11391667,0,1
5792,K01653.01,11392017,0,3
5793,K01735.01,3446451,0,4
5794,K01729.01,6603756,0,4
5795,K01730.01,8460600,0,4
5796,K02142.01,12121470,0,3
5797,K02157.01,3327993,0,4
5798,K02161.01,5467124,0,1
5799,K02165.01,7906739,0,2
5800,K02170.01,2860114,0,3
5801,K02176.01,8501062,0,1
5802,K07821.01,7199644,0,3
5803,K02772.01,11966253,0,4
5804,K02782.01,10275805,0,2
5805,K02783.01,5709889,0,2
5806,K02784.01,3119256,0,5
5807,K02788.01,9943435,0,3
5808,K03997.01,2442359,0,4
5809,K03998.01,7707742,0,1
5810,K02167.03,6041734,1,1
5811,K03999.01,2010191,0,2
5812,K04000.01,5471675,0,3
5813,K07842.01,7601665,1,3
5814,K01734.01,8845574,0,3
5815,K01987.01,2021440,0,5
5816,K01949.01,3122985,0,5
5817,K01759.01,3248019,0,3
5818,K01994.01,3328026,0,5
5819,K07812.01,7116024,0,4
5820,K02178.01,2014991,0,5
5821,K02184.01,12885212,0,5
5822,K02187.01,5894073,0,1
5823,K02188.01,10518424,0,3
5824,K02190.01,4245933,0,2
5825,K07822.01,7199724,0,1
5826,K02847.01,12935144,0,5
5827,K02858.01,6185496,0,1
5828,K02860.01,6606438,1,4
5829,K02874.01,9149789,1,3
5830,K02875.01,12170648,0,2
5831,K02879.01,7051984,1,5
5832,K07831.01,7282168,0,2
5833,K04001.01,9851943,0,3
5834,K04002.01,5773121,1,4
5835,K04003.01,2708420,0,5
5836,K04004.01,4814502,1,3
5837,K04005.01,8142787,1,1
5838,K07843.01,7613620,1,5
5839,K01772.01,3345675,1,2
5840,K01766.01,3654950,0,4
5841,K01903.01,3836453,0,3
5842,K01912.01,3952651,0,3
5843,K01811.01,3966262,0,4
5844,K01791.01,4144231,0,5
5845,K02192.01,9964670,0,2
5846,K02196.01,6209798,0,2
5847,K02197.01,6525249,0,5
5848,K02198.01,11075429,1,1
5849,K02199.01,11705004,1,2
5850,K03932.01,6137681,0,2
5851,K03933.01,11244682,1,1
5852,K03934.01,9655419,0,5
5853,K03935.01,5895158,1,4
5854,K03936.01,4947556,1,3
5855,K07832.01,7287028,1,2
5856,K04006.01,5471690,0,3
5857,K04007.01,8376848,1,5
5858,K04008.01,5350447,0,5
5859,K02172.02,4173026,1,2
5860,K04009.01,8934103,1,5
5861,K07844.01,7618364,0,3
5862,K01768.01,4150390,0,1
5863,K01757.01,4851464,0,4
5864,K01775.01,4913000,0,2
5865,K01936.01,4945877,0,3
5866,K01777.01,5110423,0,3
5867,K02203.01,2581191,0,5
5868,K02207.01,7379385,0,1
5869,K02211.01,6199702,0,4
5870,K02050.01,6307083,0,1
5871,K02231.01,6780158,0,5
5872,K07823.01,7199756,0,1
5873,K03936.02,4947556,1,3
5874,K03937.01,7362696,0,3
5875,K03938.01,3865595,0,4
5876,K03939.01,9593528,0,1
5877,K03940.01,5195945,0,4
5878,K07833.01,7300182,1,5
5879,K04010.01,5288577,0,5
5880,K04011.01,11969988,0,3
5881,K04012.01,8483258,0,3
5882,K04013.01,4832225,0,5
5883,K04014.01,9009953,1,3
5884,K07845.01,7664272,0,5
5885,K01755.01,5302006,0,4
5886,K01991.01,5306720,0,5
5887,K01836.01,5389540,0,2
5888,K01778.01,5444384,0,5
5889,K01780.01,5450814,0,2
5890,K07813.01,7116519,0,2
5891,K02234.01,9635510,0,3
5892,K02235.01,8076630,0,2
5893,K02239.01,4077901,0,1
5894,K02240.01,10271691,0,2
5895,K02244.01,10544677,0,4
5896,K07824.01,7199883,0,4
5897,K02135.02,9904006,1,4
5898,K03941.01,8552587,0,3
5899,K03942.01,6019872,0,3
5900,K03943.01,7679812,1,5
5901,K03944.01,4864734,0,4
5902,K07834.01,7366501,1,1
5903,K04015.01,8282846,1,4
5904,K04016.01,5938970,1,5
5905,K04017.01,8381693,0,3
5906,K04018.01,4929299,0,4
5907,K00266.01,7375348,1,5
5908,K00065.01,10223615,0,2
5909,K00383.01,3342463,0,2
5910,K00860.01,6680177,0,3
5911,K01789.01,5565497,0,5
5912,K01956.01,5730389,0,2
5913,K01834.01,5802478,0,3
5914,K01995.01,5942093,0,2
5915,K01855.01,5992270,0,5
5916,K07814.01,7117126,0,4
5917,K02249.01,4761060,0,2
5918,K02251.01,5479802,0,5
5919,K02254.01,5607631,0,2
5920,K02258.01,4951249,0,2
5921,K02054.01,9156585,0,5
5922,K03945.01,3121340,0,5
5923,K03946.01,8636434,1,1
5924,K03947.01,5952366,0,2
5925,K03947.02,5952366,0,2
5926,K03948.01,6045250,0,5
5927,K03949.01,5598595,0,5
5928,K00562.01,6681233,0,2
5929,K00364.01,7296438,1,2
5930,K00879.01,7351237,0,4
5931,K00885.01,7436215,0,3
5932,K00589.01,9763754,0,1
5933,K00594.01,10216045,0,5
5934,K00962.01,8846163,0,1
5935,K00973.01,12366681,0,3
5936,K01026.01,1996399,0,4
5937,K01027.01,2697169,0,1
5938,K01131.01,8435247,0,5
5939,K01137.01,8332986,0,4
5940,K01411.01,9425139,1,5
5941,K01744.01,6364327,0,2
5942,K01740.01,6762829,0,3
5943,K01918.01,7369865,0,1
5944,K01748.01,7593110,0,1
5945,K01943.01,7810483,1,5
5946,K07815.01,7117147,0,1
5947,K02262.01,6634133,0,1
5948,K02267.01,7021534,0,5
5949,K02268.01,9277210,0,3
5950,K02270.01,9728465,0,1
5951,K02275.01,7124026,0,4
5952,K07825.01,7200485,0,1
5953,K02135.03,9904006,1,4
5954,K03950.01,4544572,0,2
5955,K03951.01,5738634,0,2
5956,K03952.01,10152836,0,1
5957,K03953.01,10651816,0,3
5958,K07835.01,7367164,1,3
5959,K01351.01,6964043,0,1
5960,K01195.01,3644523,0,4
5961,K01483.01,11909686,0,4
5962,K00111.04,6678383,0,5
5963,K01611.01,12644769,0,2
5964,K01624.01,6233890,0,1
5965,K07846.01,7671950,1,1
5966,K01817.01,7918172,0,1
5967,K01869.01,8009496,0,3
5968,K01951.01,8081187,1,2
5969,K02030.01,8111919,0,2
5970,K01752.01,8127586,0,3
5971,K07816.01,7117485,0,1
5972,K02277.01,2860793,0,2
5973,K02284.01,3851130,0,3
5974,K02292.01,7257363,0,1
5975,K02301.01,11922722,0,5
5976,K02061.01,12061969,1,4
5977,K07826.01,7203326,0,4
5978,K03954.01,8030339,0,3
5979,K03955.01,9899414,0,5
5980,K03956.01,5471059,0,1
5981,K03957.01,7458309,0,2
5982,K03958.01,7777372,0,3
5983,K07836.01,7377200,0,5
5984,K01625.01,6312314,0,5
5985,K01617.01,6387969,0,2
5986,K01620.01,6468337,0,1
5987,K01631.01,9084778,1,5
5988,K01634.01,10357040,0,3
5989,K01614.01,10514429,0,1
5990,K07847.01,7747103,1,5
5991,K01919.01,8127607,0,2
5992,K01743.01,8129042,0,1
5993,K01741.01,8180020,0,3
5994,K01767.01,8223328,0,2
5995,K01769.01,8444552,0,5
5996,K02065.01,6342333,1,2
5997,K02068.01,10674871,1,2
5998,K02070.01,6032517,0,3
5999,K02077.01,4768846,0,5
6000,K02085.01,8260234,0,5
6001,K07828.01,7210749,0,1
6002,K03959.01,9282769,0,5
6003,K02147.02,10404582,1,3
6004,K03960.01,7777416,0,1
6005,K03961.01,7597005,0,1
6006,K03962.01,5479717,0,4
6007,K03963.01,3764714,0,4
6008,K01623.01,11392618,0,1
6009,K01657.01,4474645,0,1
6010,K01658.01,4570949,1,4
6011,K01663.01,4927315,0,1
6012,K01664.01,4928119,0,5
6013,K03104.01,11518201,1,3
6014,K03118.01,10861608,0,1
6015,K03121.01,10934313,0,2
6016,K01422.05,11497958,1,2
6017,K03133.01,7516809,0,2
6018,K03134.01,6115516,0,1
6019,K03137.01,9758032,1,2
6020,K03138.01,6444896,1,2
6021,K03139.01,5640511,0,5
6022,K03143.01,7336093,0,4
6023,K03149.01,10196493,0,2
6024,K00351.05,11442793,1,1
6025,K00351.06,11442793,1,1
6026,K02881.01,7812455,0,5
6027,K02893.01,9520443,0,5
6028,K02902.01,10601465,0,2
6029,K02909.01,7461307,0,3
6030,K02916.01,7269881,0,3
6031,K02925.01,6974658,1,5
6032,K02934.01,10964265,0,4
6033,K00918.02,8672910,0,5
6034,K00966.02,3233043,0,3
6035,K01961.02,7269493,0,3
6036,K02037.02,9634821,1,3
6037,K02473.02,8753896,0,1
6038,K02533.02,11074835,0,2
6039,K02570.02,10812504,0,4
6040,K02586.02,9827149,0,1
6041,K02612.02,9602613,1,5
6042,K02631.02,7584650,0,4
6043,K01871.02,9758089,1,2
6044,K01783.02,10005758,1,3
6045,K02940.01,9823564,0,2
6046,K02941.01,9532424,0,2
6047,K02947.01,9950316,0,4
6048,K02950.01,6028860,0,4
6049,K02953.01,6778019,0,2
6050,K02954.01,4571536,0,2
6051,K02957.01,10904004,1,3
6052,K02974.01,3336283,0,1
6053,K02983.01,5695904,0,1
6054,K02988.01,1725415,0,2
6055,K02993.01,11304987,0,2
6056,K03001.01,11709423,0,1
6057,K03006.01,8758136,0,3
6058,K03009.01,12405333,1,2
6059,K03016.01,10617638,0,3
6060,K03024.01,12833566,0,2
6061,K03044.01,9153554,0,3
6062,K03046.01,8161830,0,5
6063,K03054.01,6461850,0,5
6064,K03062.01,7613246,0,4
6065,K03076.01,11551715,0,5
6066,K03077.01,2715695,1,5
6067,K00351.04,11442793,1,1
6068,K03079.01,6312171,0,1
6069,K03080.01,10665043,0,2
6070,K03094.01,12352520,1,2
6071,K03096.01,7455981,1,3
6072,K03100.01,7107561,0,2
6073,K03102.01,9605552,1,2
6074,K03103.01,11237332,0,1
6075,K00068.01,8669092,0,4
6076,K01599.02,5474613,1,1
6077,K02793.02,9823519,1,3
6078,K03077.02,2715695,1,5
6079,K00339.03,10587105,1,1
6080,K00577.02,8558011,1,4
6081,K07854.01,7885494,0,5
6082,K05148.01,5281714,0,1
6083,K05149.01,5283728,1,3
6084,K05150.01,5289857,0,2
6085,K05151.01,5303185,0,4
6086,K05152.01,5308777,0,3
6087,K05153.01,5364090,0,5
6088,K05154.01,5370944,0,4
6089,K05155.01,5374838,1,4
6090,K05272.01,6364143,0,5
6091,K05273.01,6364307,0,3
6092,K05274.01,6366559,1,5
6093,K05275.01,6367663,1,1
6094,K05276.01,6368905,1,1
6095,K05277.01,6369548,0,2
6096,K05278.01,6372194,1,2
6097,K05279.01,6387557,1,4
6098,K03376.01,3098843,0,3
6099,K03381.02,3958301,0,5
6100,K03447.01,5353137,0,1
6101,K03453.01,4932689,0,4
6102,K03463.01,5294945,1,2
6103,K03478.01,7742408,1,4
6104,K05030.01,3968809,1,4
6105,K05031.01,3970397,0,4
6106,K05032.01,3973549,0,5
6107,K05033.01,3974928,1,4
6108,K05034.01,4058169,0,1
6109,K05035.01,4063943,1,3
6110,K05036.01,4068391,0,5
6111,K05037.01,4071638,1,5
6112,K05156.01,5390913,1,3
6113,K05157.01,5391911,0,2
6114,K05158.01,5394585,1,1
6115,K05159.01,5397106,0,3
6116,K05160.01,5425643,1,2
6117,K05161.01,5425908,0,1
6118,K05162.01,5428199,1,5
6119,K05163.01,5436415,0,1
6120,K05280.01,6387887,0,3
6121,K05281.01,6425377,1,4
6122,K05282.01,6428602,0,4
6123,K05283.01,6442735,1,4
6124,K05284.01,6443093,1,5
6125,K05285.01,6447372,0,3
6126,K05286.01,6461675,0,4
6127,K05287.01,6509282,1,5
6128,K03494.01,8231667,1,2
6129,K03508.01,6697817,1,1
6130,K03509.01,3439096,0,5
6131,K03781.01,3324644,0,2
6132,K03791.02,5437945,1,4
6133,K04920.01,1161949,0,3
6134,K05038.01,4077252,0,2
6135,K05039.01,4077767,0,1
6136,K05040.01,4135912,1,2
6137,K05041.01,4144238,0,3
6138,K05042.01,4147171,0,1
6139,K05043.01,4149060,0,2
6140,K05044.01,4150972,1,3
6141,K05045.01,4160006,0,5
6142,K05164.01,5436455,1,2
6143,K05165.01,5439000,1,2
6144,K05166.01,5440435,0,1
6145,K05167.01,5440472,0,4
6146,K05168.01,5440651,0,5
6147,K05169.01,5443320,1,4
6148,K05170.01,5446961,0,4
6149,K05171.01,5467126,0,1
6150,K05288.01,6511182,1,3
6151,K05289.01,6517064,1,2
6152,K05290.01,6517200,1,1
6153,K05291.01,6517255,1,2
6154,K05292.01,6522124,0,2
6155,K05293.01,6525196,0,4
6156,K05294.01,6525398,0,4
6157,K05295.01,6526377,0,2
6158,K04921.01,1164301,1,2
6159,K04922.01,1297263,0,4
6160,K04923.01,1429589,1,4
6161,K04924.01,1572948,0,2
6162,K04925.01,1725193,0,4
6163,K04926.01,1865864,1,4
6164,K04927.01,1870398,0,2
6165,K04928.01,1873513,1,5
6166,K05046.01,4164511,1,1
6167,K05047.01,4179201,0,2
6168,K05048.01,4241238,1,2
6169,K05049.01,4242806,0,3
6170,K05050.01,4245861,0,1
6171,K05051.01,4246343,0,5
6172,K05052.01,4253860,0,1
6173,K05053.01,4274816,0,2
6174,K05172.01,5470851,0,2
6175,K05173.01,5471108,0,2
6176,K05174.01,5524229,1,5
6177,K05175.01,5525484,0,2
6178,K05176.01,5529385,1,2
6179,K05177.01,5547424,0,4
6180,K05178.01,5551240,1,4
6181,K05296.01,6527229,0,2
6182,K05297.01,6543192,1,2
6183,K05298.01,6543674,0,1
6184,K05299.01,6548429,0,5
6185,K05300.01,6594945,1,4
6186,K05301.01,6599305,0,3
6187,K05302.01,6600515,0,5
6188,K05303.01,6608090,0,2
6189,K04929.01,2010607,0,3
6190,K04930.01,2015013,0,5
6191,K04931.01,2019199,1,4
6192,K04932.01,2158460,1,3
6193,K04933.01,2163226,0,4
6194,K04934.01,2165352,0,4
6195,K04935.01,2305255,0,4
6196,K04936.01,2305543,0,1
6197,K05054.01,4276114,0,1
6198,K05055.01,4281023,0,4
6199,K05056.01,4281700,0,5
6200,K05057.01,4346339,1,3
6201,K05058.01,4365461,0,3
6202,K05059.01,4366923,0,1
6203,K05060.01,4449752,0,1
6204,K05061.01,4455763,0,4
6205,K05179.01,5563057,0,4
6206,K05180.01,5565261,0,2
6207,K05181.01,5602409,0,4
6208,K05182.01,5603270,0,4
6209,K05183.01,5612111,0,1
6210,K05184.01,5616628,0,4
6211,K05185.01,5623137,0,2
6212,K05304.01,6611779,0,1
6213,K05305.01,6612411,0,3
6214,K05306.01,6612973,0,2
6215,K05307.01,6615600,0,3
6216,K05308.01,6634112,1,3
6217,K05309.01,6635813,0,5
6218,K05310.01,6675757,1,2
6219,K05311.01,6677415,0,4
6220,K04937.01,2309910,0,1
6221,K04938.01,2310993,1,1
6222,K04939.01,2437209,0,2
6223,K04940.01,2437653,1,3
6224,K04941.01,2438406,0,2
6225,K04942.01,2452289,0,4
6226,K04943.01,2555080,1,1
6227,K04944.01,2569488,0,3
6228,K05062.01,4459503,0,3
6229,K05063.01,4464689,0,1
6230,K05064.01,4469825,0,5
6231,K05065.01,4470888,0,5
6232,K05066.01,4471313,1,5
6233,K05067.01,4478142,1,5
6234,K05068.01,4484179,1,5
6235,K05186.01,5623839,0,3
6236,K05187.01,5650420,0,1
6237,K05188.01,5650930,1,4
6238,K05189.01,5653152,0,3
6239,K05190.01,5653163,0,1
6240,K05191.01,5685113,0,5
6241,K05192.01,5697395,1,3
6242,K05193.01,5698524,0,4
6243,K05328.01,6784887,0,2
6244,K05329.01,6805414,1,5
6245,K05330.01,6864891,0,4
6246,K05331.01,6869373,1,2
6247,K05332.01,6875342,1,5
6248,K05333.01,6879183,1,5
6249,K07855.01,7891264,0,1
6250,K05334.01,6880123,0,4
6251,K05335.01,6891512,0,1
6252,K04945.01,2569516,0,4
6253,K04946.01,2570432,0,1
6254,K04947.01,2574543,0,3
6255,K04948.01,2578811,0,3
6256,K07856.01,7897936,0,4
6257,K04949.01,2582800,0,5
6258,K04950.01,2707916,0,1
6259,K04951.01,2708270,0,3
6260,K05069.01,4540508,0,2
6261,K05070.01,4565943,0,2
6262,K05071.01,4566848,1,1
6263,K05072.01,4570555,0,5
6264,K05073.01,4586482,0,4
6265,K05074.01,4647949,0,2
6266,K05075.01,4678873,0,1
6267,K05076.01,4732015,0,4
6268,K05194.01,5709014,0,2
6269,K05195.01,5732636,0,1
6270,K05196.01,5734702,1,2
6271,K05197.01,5779606,0,2
6272,K05198.01,5780194,0,2
6273,K05199.01,5781991,0,3
6274,K05200.01,5784803,0,1
6275,K05201.01,5791713,0,5
6276,K05312.01,6681473,0,2
6277,K05313.01,6688318,0,5
6278,K05314.01,6690523,0,4
6279,K05315.01,6692742,0,4
6280,K05316.01,6695801,0,4
6281,K05317.01,6699562,0,4
6282,K05318.01,6707260,0,5
6283,K05319.01,6718474,0,4
6284,K04952.01,2710101,0,4
6285,K04953.01,2711123,0,5
6286,K04954.01,2833632,0,1
6287,K04955.01,2836076,0,3
6288,K04956.01,2850321,0,4
6289,K04957.01,2861126,0,2
6290,K04958.01,2861298,1,2
6291,K04959.01,2987433,0,2
6292,K05077.01,4732137,0,1
6293,K05078.01,4736439,0,4
6294,K05079.01,4737848,1,4
6295,K05080.01,4740375,0,4
6296,K05081.01,4741777,0,5
6297,K05082.01,4750406,0,3
6298,K05083.01,4750962,1,3
6299,K05084.01,4760478,1,2
6300,K05202.01,5793275,1,4
6301,K05203.01,5794687,0,2
6302,K05204.01,5817712,0,1
6303,K05205.01,5857656,1,2
6304,K05206.01,5858519,0,2
6305,K05207.01,5859725,1,3
6306,K05208.01,5869272,0,4
6307,K05209.01,5905728,0,3
6308,K05320.01,6719052,1,1
6309,K05321.01,6721603,1,4
6310,K05322.01,6756369,1,4
6311,K05323.01,6762188,0,3
6312,K05324.01,6765563,1,2
6313,K05325.01,6766583,0,2
6314,K05326.01,6767337,0,1
6315,K05327.01,6776555,1,2
6316,K04960.01,2992634,1,1
6317,K04961.01,3001955,1,3
6318,K04962.01,3003673,0,2
6319,K04963.01,3101178,1,3
6320,K04964.01,3117115,0,1
6321,K04965.01,3120397,0,1
6322,K04966.01,3222680,0,1
6323,K04967.01,3239171,1,1
6324,K05085.01,4761427,1,5
6325,K05086.01,4769799,0,5
6326,K05087.01,4770798,1,5
6327,K05088.01,4813750,1,4
6328,K05089.01,4814168,0,3
6329,K05090.01,4815612,0,4
6330,K05091.01,4819158,0,5
6331,K05092.01,4833409,1,3
6332,K05210.01,5942112,0,1
6333,K05211.01,5946568,1,5
6334,K05212.01,5949765,0,2
6335,K05213.01,5954894,1,5
6336,K05214.01,5956038,0,2
6337,K05215.01,5963591,0,1
6338,K05216.01,5965629,1,1
6339,K05336.01,6934045,1,2
6340,K05337.01,6939913,1,5
6341,K05338.01,6947062,0,4
6342,K05339.01,6948815,0,3
6343,K05340.01,6952570,0,2
6344,K05341.01,7009548,1,2
6345,K05342.01,7011044,0,4
6346,K05343.01,7013635,0,3
6347,K04968.01,3240049,0,4
6348,K04969.01,3242039,1,2
6349,K04970.01,3245638,0,5
6350,K04971.01,3329985,0,5
6351,K04972.01,3340165,1,3
6352,K04973.01,3341760,0,4
6353,K04974.01,3341982,0,2
6354,K04975.01,3355104,1,1
6355,K05093.01,4840327,0,3
6356,K05094.01,4843751,0,5
6357,K05095.01,4856592,0,5
6358,K05096.01,4863260,0,5
6359,K05097.01,4902673,0,1
6360,K05098.01,4912650,1,3
6361,K05099.01,4914221,1,3
6362,K05100.01,4914399,0,4
6363,K05217.01,5967194,0,2
6364,K05218.01,5980354,0,3
6365,K05219.01,5981058,1,4
6366,K05220.01,5986270,0,4
6367,K05221.01,5989391,0,5
6368,K05222.01,6021840,1,5
6369,K05223.01,6023571,1,2
6370,K05224.01,6025174,1,5
6371,K04976.01,3356156,1,3
6372,K04977.01,3425363,1,2
6373,K04978.01,3428127,1,5
6374,K04979.01,3428359,0,3
6375,K04980.01,3439031,0,2
6376,K04981.01,3441795,1,4
6377,K04982.01,3449540,0,3
6378,K04983.01,3449870,0,5
6379,K05101.01,4915582,1,5
6380,K05102.01,4917357,0,5
6381,K05103.01,4917658,0,1
6382,K05104.01,4918303,1,4
6383,K05105.01,4927738,0,2
6384,K05106.01,4937140,0,2
6385,K05107.01,4940376,1,5
6386,K05108.01,4945035,0,2
6387,K05225.01,6033602,0,3
6388,K05226.01,6034379,1,3
6389,K05227.01,6034834,1,3
6390,K05228.01,6036286,1,4
6391,K05229.01,6038152,1,3
6392,K05230.01,6043490,1,4
6393,K05231.01,6045404,1,4
6394,K05232.01,6047853,0,2
6395,K04984.01,3459529,0,2
6396,K04985.01,3532510,0,2
6397,K04986.01,3540873,1,5
6398,K04987.01,3542117,0,1
6399,K04988.01,3542928,0,1
6400,K04989.01,3545749,0,1
6401,K04990.01,3546821,0,3
6402,K04991.01,3548645,1,2
6403,K05109.01,4946581,0,1
6404,K05110.01,4953262,1,2
6405,K05111.01,4996558,0,4
6406,K05112.01,5006817,0,2
6407,K05113.01,5008775,0,5
6408,K05114.01,5015027,0,1
6409,K05115.01,5016163,0,4
6410,K05116.01,5024476,0,1
6411,K05233.01,6058896,0,3
6412,K05234.01,6062298,0,1
6413,K05235.01,6065010,0,1
6414,K05236.01,6067545,1,3
6415,K05237.01,6115356,1,4
6416,K05238.01,6116605,0,2
6417,K05239.01,6118840,0,1
6418,K05240.01,6129632,0,4
6419,K04992.01,3553900,1,1
6420,K04993.01,3554819,0,3
6421,K04994.01,3555178,0,3
6422,K04995.01,3632330,0,3
6423,K04996.01,3641216,0,4
6424,K04997.01,3644399,0,2
6425,K04998.01,3644649,0,2
6426,K05117.01,5027859,1,5
6427,K05118.01,5032842,0,5
6428,K05119.01,5036052,1,2
6429,K05120.01,5037742,0,4
6430,K05121.01,5039053,0,2
6431,K05122.01,5080565,0,5
6432,K05123.01,5091808,0,3
6433,K05241.01,6139220,0,2
6434,K05242.01,6143819,0,4
6435,K05243.01,6145939,0,1
6436,K05244.01,6149980,0,4
6437,K05245.01,6184894,1,3
6438,K05246.01,6195792,0,3
6439,K05247.01,6197658,1,5
6440,K05248.01,6198670,1,5
6441,K04999.01,3646449,1,2
6442,K05000.01,3646515,0,4
6443,K05001.01,3647097,1,5
6444,K05002.01,3730176,0,5
6445,K05003.01,3748239,1,4
6446,K05004.01,3751118,1,2
6447,K05005.01,3755522,0,1
6448,K05124.01,5094412,1,5
6449,K05125.01,5105886,0,2
6450,K05126.01,5110453,1,2
6451,K05127.01,5113146,0,2
6452,K05128.01,5130563,0,3
6453,K05129.01,5131276,0,2
6454,K05130.01,5166811,1,3
6455,K05131.01,5174677,0,5
6456,K05249.01,6203955,1,4
6457,K05250.01,6205384,0,4
6458,K05251.01,6205405,0,5
6459,K05252.01,6206470,0,1
6460,K05253.01,6263468,0,3
6461,K05254.01,6266866,1,3
6462,K05255.01,6277594,0,5
6463,K00701.04,9002278,1,1
6464,K02045.03,6026438,1,5
6465,K02150.02,3229150,1,2
6466,K02422.02,11360805,1,3
6467,K05006.01,3757521,1,4
6468,K05007.01,3758499,1,5
6469,K05008.01,3763724,0,5
6470,K05009.01,3834728,1,1
6471,K05010.01,3836450,0,4
6472,K05011.01,3836509,0,3
6473,K05012.01,3836522,0,3
6474,K05013.01,3846515,0,3
6475,K05132.01,5179609,0,2
6476,K05133.01,5181086,0,5
6477,K05134.01,5181299,1,3
6478,K05135.01,5184144,1,1
6479,K05136.01,5192660,0,3
6480,K05137.01,5193813,0,3
6481,K05138.01,5199426,0,3
6482,K05139.01,5211631,0,4
6483,K05256.01,6281127,0,5
6484,K05257.01,6285906,0,2
6485,K05258.01,6287131,0,3
6486,K05259.01,6289459,0,2
6487,K05260.01,6289897,0,3
6488,K05261.01,6290467,0,3
6489,K05262.01,6309307,1,5
6490,K05263.01,6342980,0,2
6491,K02473.03,8753896,1,1
6492,K03156.02,4150611,0,2
6493,K03156.03,4150611,0,2
6494,K03175.01,4909707,0,2
6495,K07857.01,7919516,0,2
6496,K03244.01,6850665,0,4
6497,K03272.01,4948730,0,1
6498,K05014.01,3848665,0,2
6499,K05015.01,3848919,0,2
6500,K05016.01,3848948,0,4
6501,K05017.01,3852865,0,4
6502,K05018.01,3854101,0,1
6503,K05019.01,3858926,0,5
6504,K05020.01,3859890,0,5
6505,K05021.01,3863877,1,2
6506,K05140.01,5213005,0,3
6507,K05141.01,5213811,0,5
6508,K05142.01,5255259,1,2
6509,K05143.01,5260419,0,5
6510,K05144.01,5262539,0,2
6511,K05145.01,5263802,0,4
6512,K05146.01,5265982,0,2
6513,K05147.01,5271637,0,4
6514,K05264.01,6346894,1,3
6515,K05265.01,6347434,0,2
6516,K05266.01,6347890,1,5
6517,K05267.01,6350031,1,4
6518,K05268.01,6359881,1,2
6519,K05269.01,6359929,1,1
6520,K05270.01,6363560,0,2
6521,K05271.01,6364064,0,1
6522,K03281.01,11177676,1,1
6523,K03290.01,4936990,0,5
6524,K03317.01,7130418,0,3
6525,K03333.01,12208887,0,5
6526,K03359.01,10711551,0,5
6527,K07858.01,7919867,0,1
6528,K03364.01,11081512,0,4
6529,K05022.01,3865815,1,1
6530,K05023.01,3867593,0,3
6531,K05024.01,3941219,0,1
6532,K05025.01,3953106,0,5
6533,K05026.01,3953212,0,3
6534,K05027.01,3955444,1,2
6535,K05028.01,3962728,0,1
6536,K05029.01,3965326,0,3
6537,K05646.01,9265521,0,2
6538,K05647.01,9268456,0,2
6539,K05648.01,9271739,0,1
6540,K05649.01,9274092,1,5
6541,K05650.01,9274431,0,1
6542,K05651.01,9282853,1,5
6543,K05652.01,9292100,1,2
6544,K05653.01,9300066,1,4
6545,K05772.01,10186761,1,5
6546,K05773.01,10189542,0,1
6547,K05774.01,10191056,0,2
6548,K05775.01,10191449,1,4
6549,K05776.01,10199984,1,5
6550,K05777.01,10201891,0,1
6551,K05778.01,10208477,0,1
6552,K05779.01,10222603,0,3
6553,K05400.01,7581535,0,2
6554,K05401.01,7592339,0,3
6555,K05402.01,7598326,0,1
6556,K05403.01,7599004,0,3
6557,K05404.01,7618231,0,4
6558,K05405.01,7619667,0,4
6559,K05406.01,7625138,1,2
6560,K05527.01,8507073,0,1
6561,K05528.01,8507586,1,3
6562,K05529.01,8509781,0,3
6563,K05530.01,8510197,0,3
6564,K05531.01,8516349,0,3
6565,K05532.01,8525101,1,2
6566,K05533.01,8525286,1,5
6567,K05534.01,8542879,0,3
6568,K05654.01,9304976,1,4
6569,K05655.01,9306677,0,1
6570,K05656.01,9330740,1,5
6571,K05657.01,9334027,1,4
6572,K05658.01,9357578,0,5
6573,K05659.01,9362842,0,4
6574,K05660.01,9363944,1,5
6575,K05661.01,9368524,0,2
6576,K05780.01,10227881,0,2
6577,K05781.01,10266852,0,5
6578,K05782.01,10272858,1,3
6579,K05783.01,10292000,0,3
6580,K05784.01,10319341,0,2
6581,K05785.01,10319834,1,2
6582,K05786.01,10320341,0,1
6583,K05787.01,10339000,1,2
6584,K05407.01,7625143,1,5
6585,K05408.01,7631138,1,3
6586,K05409.01,7658229,0,5
6587,K05410.01,7662502,1,5
6588,K05411.01,7672215,1,5
6589,K05412.01,7674050,0,1
6590,K05413.01,7690782,1,1
6591,K05414.01,7700561,0,2
6592,K05535.01,8546464,0,5
6593,K05536.01,8547213,1,4
6594,K05537.01,8547366,0,3
6595,K05538.01,8547525,0,5
6596,K05539.01,8547537,1,4
6597,K05540.01,8548403,0,4
6598,K05541.01,8548454,1,5
6599,K05542.01,8552607,0,5
6600,K05662.01,9390655,0,4
6601,K05663.01,9391817,1,1
6602,K05664.01,9394762,0,4
6603,K05665.01,9394953,1,1
6604,K05666.01,9397862,1,2
6605,K05667.01,9402670,0,1
6606,K05668.01,9402859,0,1
6607,K05669.01,9407689,0,1
6608,K05788.01,10356840,0,5
6609,K05789.01,10387792,1,5
6610,K05790.01,10394802,1,1
6611,K05791.01,10399137,0,2
6612,K05792.01,10416390,0,3
6613,K05793.01,10419108,0,1
6614,K05794.01,10453009,1,1
6615,K05795.01,10459749,1,2
6616,K05415.01,7701809,0,2
6617,K05416.01,7731281,1,5
6618,K05417.01,7743464,0,5
6619,K05418.01,7747091,1,1
6620,K05419.01,7747197,0,1
6621,K05420.01,7750342,0,5
6622,K05421.01,7751133,0,1
6623,K05422.01,7757620,1,4
6624,K05543.01,8560475,0,3
6625,K05544.01,8561192,0,2
6626,K05545.01,8570210,1,2
6627,K05546.01,8571421,1,5
6628,K05547.01,8574794,1,3
6629,K05548.01,8575061,0,1
6630,K05549.01,8612291,0,4
6631,K05550.01,8613769,1,4
6632,K05670.01,9412267,0,3
6633,K05671.01,9417931,1,2
6634,K05672.01,9418508,0,5
6635,K05673.01,9449320,0,1
6636,K05674.01,9451521,0,2
6637,K05675.01,9455322,0,3
6638,K05676.01,9455526,0,5
6639,K05677.01,9456887,1,3
6640,K05796.01,10470779,1,1
6641,K05797.01,10480952,0,3
6642,K05798.01,10487228,1,5
6643,K05799.01,10519727,1,4
6644,K05800.01,10525077,1,4
6645,K05801.01,10535708,1,4
6646,K05802.01,10547378,0,2
6647,K05803.01,10548411,0,1
6648,K05423.01,7762153,1,2
6649,K05424.01,7762717,0,2
6650,K05425.01,7767781,1,5
6651,K05426.01,7770901,1,2
6652,K05427.01,7800285,0,1
6653,K05428.01,7804128,0,1
6654,K05429.01,7809049,0,1
6655,K05430.01,7811057,0,1
6656,K05551.01,8622875,0,4
6657,K05552.01,8644545,1,5
6658,K05553.01,8644911,1,2
6659,K05554.01,8652997,1,4
6660,K05555.01,8655076,0,5
6661,K05556.01,8656535,1,3
6662,K05557.01,8671707,0,1
6663,K05558.01,8676061,0,2
6664,K05678.01,9457533,0,1
6665,K05679.01,9463329,0,4
6666,K05680.01,9466486,1,5
6667,K05681.01,9472328,1,5
6668,K05682.01,9472341,1,3
6669,K05683.01,9474485,0,1
6670,K05684.01,9475697,1,3
6671,K05685.01,9481235,1,3
6672,K05804.01,10551346,0,3
6673,K05805.01,10552151,1,5
6674,K05806.01,10552263,1,3
6675,K05807.01,10554421,1,2
6676,K05808.01,10556891,0,5
6677,K05809.01,10579570,0,1
6678,K05810.01,10581308,1,2
6679,K05811.01,10591578,0,1
6680,K05431.01,7812990,1,5
6681,K05432.01,7819520,0,3
6682,K05433.01,7829836,1,1
6683,K05434.01,7830953,1,4
6684,K05435.01,7836096,1,5
6685,K05436.01,7837526,0,5
6686,K05437.01,7881464,1,3
6687,K05438.01,7884986,0,4
6688,K05559.01,8677186,0,4
6689,K05560.01,8678345,0,2
6690,K05561.01,8682751,0,2
6691,K05562.01,8715564,0,4
6692,K05563.01,8715589,1,1
6693,K05564.01,8718273,0,2
6694,K05565.01,8737343,0,1
6695,K05566.01,8741367,1,1
6696,K05686.01,9489348,0,1
6697,K05687.01,9517242,0,2
6698,K05688.01,9532603,1,2
6699,K05689.01,9534832,1,3
6700,K05690.01,9536727,1,2
6701,K05691.01,9543302,0,2
6702,K05692.01,9575728,1,1
6703,K05828.01,10799291,0,1
6704,K05829.01,10802364,1,4
6705,K05830.01,10809888,1,2
6706,K05831.01,10813078,1,5
6707,K05832.01,10817600,0,3
6708,K05833.01,10850327,1,3
6709,K05834.01,10855545,1,3
6710,K05835.01,10858504,1,2
6711,K05439.01,7885558,0,1
6712,K05440.01,7888863,1,1
6713,K05441.01,7900450,0,3
6714,K05442.01,7900695,0,2
6715,K05443.01,7900727,0,3
6716,K05444.01,7902719,0,2
6717,K05445.01,7916058,0,4
6718,K05446.01,7917068,1,2
6719,K05567.01,8742270,0,5
6720,K05568.01,8745553,1,5
6721,K05569.01,8747222,0,5
6722,K05570.01,8747910,1,1
6723,K05571.01,8766285,0,1
6724,K05572.01,8807988,1,2
6725,K05573.01,8812360,0,1
6726,K05574.01,8814872,1,3
6727,K05693.01,9579072,0,4
6728,K05694.01,9579606,1,2
6729,K05695.01,9591728,0,1
6730,K05696.01,9594184,0,2
6731,K05697.01,9594992,0,2
6732,K05698.01,9596820,1,2
6733,K05699.01,9598315,0,5
6734,K05700.01,9602595,0,5
6735,K05812.01,10601163,1,1
6736,K05813.01,10616317,0,5
6737,K05814.01,10616656,0,3
6738,K05815.01,10618044,1,5
6739,K05816.01,10656842,1,5
6740,K05817.01,10658177,1,1
6741,K05818.01,10661679,0,2
6742,K05819.01,10663976,1,3
6743,K05447.01,7935997,0,3
6744,K05448.01,7938499,0,4
6745,K05449.01,7941635,0,1
6746,K05450.01,7948619,0,2
6747,K05451.01,7950158,1,3
6748,K05452.01,7967210,0,5
6749,K05453.01,7970194,0,4
6750,K05454.01,7978202,1,1
6751,K05575.01,8823893,0,3
6752,K05576.01,8836224,0,3
6753,K05577.01,8841297,1,4
6754,K05578.01,8868481,1,1
6755,K05579.01,8888745,1,2
6756,K05580.01,8890417,1,4
6757,K05581.01,8891684,1,3
6758,K05582.01,8904714,0,4
6759,K05701.01,9645188,0,4
6760,K05702.01,9659022,1,4
6761,K05703.01,9662475,0,1
6762,K05704.01,9674789,1,2
6763,K05705.01,9705620,0,4
6764,K05706.01,9715631,1,3
6765,K05707.01,9723746,1,3
6766,K05708.01,9724993,0,2
6767,K05820.01,10677763,0,1
6768,K05821.01,10678912,1,4
6769,K05822.01,10685764,1,5
6770,K05823.01,10724569,0,5
6771,K05824.01,10734441,0,5
6772,K05825.01,10737437,1,2
6773,K05826.01,10747162,1,2
6774,K05827.01,10777591,1,5
6775,K05455.01,7979297,1,4
6776,K05456.01,7982917,0,2
6777,K05457.01,8005002,1,5
6778,K05458.01,8007174,1,4
6779,K05459.01,8009811,1,2
6780,K05460.01,8016211,0,1
6781,K05461.01,8016650,1,5
6782,K05462.01,8025718,0,5
6783,K05583.01,8915379,1,2
6784,K05584.01,8935352,0,5
6785,K05585.01,8937555,1,3
6786,K05586.01,8939211,0,5
6787,K05587.01,8939650,0,3
6788,K05588.01,8946267,1,2
6789,K05589.01,8949512,0,4
6790,K05590.01,8955741,0,4
6791,K05709.01,9758615,0,2
6792,K05710.01,9771920,0,5
6793,K05711.01,9775475,0,4
6794,K05712.01,9776907,1,2
6795,K05713.01,9780149,0,4
6796,K05714.01,9786017,0,2
6797,K05715.01,9832379,1,1
6798,K05716.01,9837659,0,2
6799,K05836.01,10865043,1,5
6800,K05837.01,10878117,1,3
6801,K05838.01,10879247,0,3
6802,K05839.01,10879899,1,2
6803,K05840.01,10905641,0,2
6804,K05841.01,10920086,0,3
6805,K05842.01,10933306,1,1
6806,K05843.01,10958972,0,2
6807,K05463.01,8029848,0,2
6808,K05464.01,8035322,0,1
6809,K05465.01,8036863,0,5
6810,K05466.01,8037038,1,2
6811,K05467.01,8040308,1,4
6812,K05468.01,8040457,1,3
6813,K05469.01,8043968,0,2
6814,K05470.01,8044083,1,1
6815,K05591.01,8959240,1,1
6816,K05592.01,8971044,1,3
6817,K05593.01,8975776,0,4
6818,K05594.01,8979500,0,1
6819,K05595.01,9003126,0,5
6820,K05596.01,9008125,0,2
6821,K05597.01,9011877,1,5
6822,K05717.01,9838414,0,2
6823,K05718.01,9838582,1,1
6824,K05719.01,9839030,1,2
6825,K05720.01,9845362,0,2
6826,K05721.01,9845931,0,5
6827,K05722.01,9847239,0,3
6828,K05723.01,9848760,0,2
6829,K05724.01,9850843,0,1
6830,K05344.01,7018210,1,5
6831,K05345.01,7019580,0,2
6832,K05346.01,7022603,0,5
6833,K05347.01,7024045,0,5
6834,K05348.01,7035812,0,2
6835,K05349.01,7038988,0,1
6836,K05350.01,7041972,0,1
6837,K05351.01,7047299,0,4
6838,K05471.01,8075618,0,2
6839,K05472.01,8076215,1,1
6840,K05473.01,8094942,1,1
6841,K05474.01,8099517,1,3
6842,K05475.01,8105398,1,1
6843,K05476.01,8105719,1,2
6844,K05477.01,8106139,0,3
6845,K05478.01,8108437,0,1
6846,K05598.01,9012244,1,4
6847,K05599.01,9016592,0,2
6848,K05600.01,9018021,1,3
6849,K05601.01,9024568,0,1
6850,K05602.01,9026007,1,2
6851,K05603.01,9026248,1,3
6852,K05604.01,9044060,1,3
6853,K05605.01,9047416,1,4
6854,K05725.01,9851638,1,3
6855,K05726.01,9875101,0,1
6856,K05727.01,9881660,1,5
6857,K05728.01,9896438,0,3
6858,K05729.01,9899514,0,3
6859,K05730.01,9899607,0,4
6860,K05731.01,9908486,0,3
6861,K05732.01,9910043,1,3
6862,K05352.01,7101726,1,3
6863,K05353.01,7107567,0,3
6864,K05354.01,7109680,0,3
6865,K05355.01,7115671,0,4
6866,K05356.01,7123580,0,4
6867,K05357.01,7123614,0,3
6868,K05358.01,7125794,1,1
6869,K05359.01,7130612,1,2
6870,K05479.01,8125917,1,1
6871,K05480.01,8129333,1,1
6872,K05481.01,8155368,0,4
6873,K05482.01,8158429,1,5
6874,K05483.01,8179747,0,1
6875,K05484.01,8192427,0,5
6876,K05485.01,8197176,1,1
6877,K05486.01,8197406,1,2
6878,K05606.01,9049550,0,1
6879,K05607.01,9049697,0,2
6880,K05608.01,9073549,1,5
6881,K05609.01,9079671,1,5
6882,K05610.01,9079767,1,2
6883,K05611.01,9087071,0,3
6884,K05612.01,9087853,1,1
6885,K05613.01,9097470,1,1
6886,K05733.01,9911112,0,3
6887,K05734.01,9933600,0,2
6888,K05735.01,9934274,0,3
6889,K05736.01,9935983,1,5
6890,K05737.01,9941136,1,2
6891,K05738.01,9941387,0,1
6892,K05739.01,9941550,0,1
6893,K05740.01,9942658,1,1
6894,K05360.01,7132462,1,1
6895,K05361.01,7138841,0,4
6896,K05362.01,7174911,0,2
6897,K05363.01,7176424,0,4
6898,K05364.01,7184556,0,1
6899,K05365.01,7186436,1,3
6900,K05366.01,7189825,0,5
6901,K05367.01,7191523,1,4
6902,K05487.01,8223445,1,1
6903,K05488.01,8223655,0,1
6904,K05489.01,8229361,0,3
6905,K05490.01,8234889,0,5
6906,K05491.01,8241258,0,5
6907,K05492.01,8241736,0,3
6908,K05493.01,8242350,0,1
6909,K05494.01,8244947,0,4
6910,K05614.01,9101279,0,1
6911,K05615.01,9108058,0,5
6912,K05616.01,9114614,1,5
6913,K05617.01,9116075,0,5
6914,K05618.01,9116510,1,5
6915,K05619.01,9117123,0,2
6916,K05620.01,9118858,0,4
6917,K05621.01,9137257,0,5
6918,K05741.01,9953491,1,3
6919,K05742.01,9954225,0,3
6920,K05743.01,9957659,0,4
6921,K05744.01,9957668,0,4
6922,K05745.01,9962595,1,2
6923,K05746.01,9967398,0,1
6924,K05747.01,9968924,1,1
6925,K05748.01,9993683,1,1
6926,K05368.01,7192680,0,1
6927,K05369.01,7198587,1,1
6928,K05370.01,7203858,0,2
6929,K05371.01,7204233,1,2
6930,K05372.01,7205717,1,5
6931,K05373.01,7206422,1,5
6932,K05374.01,7207081,0,3
6933,K05375.01,7213311,1,1
6934,K05495.01,8255058,0,3
6935,K05496.01,8265239,0,3
6936,K05497.01,8279146,1,1
6937,K05498.01,8288404,0,5
6938,K05499.01,8294683,1,5
6939,K05500.01,8295087,1,4
6940,K05501.01,8300828,0,1
6941,K05502.01,8307489,1,4
6942,K05622.01,9141355,1,5
6943,K05623.01,9142225,0,1
6944,K05624.01,9142334,0,4
6945,K05625.01,9147012,1,5
6946,K05626.01,9147029,1,3
6947,K05627.01,9153246,0,1
6948,K05628.01,9157030,1,3
6949,K05629.01,9157523,1,3
6950,K05749.01,9994381,1,1
6951,K05750.01,10002266,0,3
6952,K05751.01,10004515,0,5
6953,K05752.01,10004772,0,5
6954,K05753.01,10006096,0,3
6955,K05754.01,10007492,0,3
6956,K05755.01,10007916,1,1
6957,K05756.01,10018364,0,1
6958,K05376.01,7255910,0,5
6959,K05377.01,7256460,0,1
6960,K05378.01,7258902,0,3
6961,K05379.01,7282470,1,1
6962,K05380.01,7289139,1,5
6963,K05381.01,7345136,0,4
6964,K05382.01,7352727,0,3
6965,K05383.01,7375100,0,4
6966,K05503.01,8308639,0,2
6967,K05504.01,8313697,0,4
6968,K05505.01,8351919,0,2
6969,K05506.01,8352009,1,3
6970,K05507.01,8352016,0,2
6971,K05508.01,8364969,0,1
6972,K05509.01,8378278,1,5
6973,K05510.01,8380743,0,4
6974,K05630.01,9159461,0,4
6975,K05631.01,9164003,0,2
6976,K05632.01,9166700,1,5
6977,K05633.01,9173014,1,2
6978,K05634.01,9178502,0,4
6979,K05635.01,9178894,1,4
6980,K05636.01,9180282,0,2
6981,K05637.01,9181402,0,1
6982,K05757.01,10023469,0,2
6983,K05758.01,10027861,1,3
6984,K05759.01,10064591,1,4
6985,K05760.01,10074700,0,1
6986,K05761.01,10083325,1,3
6987,K05762.01,10090854,1,3
6988,K05763.01,10096697,0,2
6989,K05764.01,10098540,1,5
6990,K05384.01,7377343,1,2
6991,K05385.01,7383840,1,2
6992,K05386.01,7386200,0,3
6993,K05387.01,7416016,1,3
6994,K05388.01,7416306,1,4
6995,K05389.01,7416646,1,1
6996,K05390.01,7440715,1,2
6997,K05391.01,7456380,0,1
6998,K05511.01,8395870,1,2
6999,K05512.01,8396288,1,5
7000,K05513.01,8414914,0,3
7001,K05514.01,8415353,1,3
7002,K05515.01,8429817,1,5
7003,K05516.01,8432034,0,3
7004,K05517.01,8432249,1,1
7005,K05518.01,8439618,1,1
7006,K05638.01,9209981,1,1
7007,K05639.01,9210738,1,2
7008,K05640.01,9214176,1,5
7009,K05641.01,9216231,0,4
7010,K05642.01,9217583,1,2
7011,K05643.01,9220614,1,4
7012,K05644.01,9224514,1,1
7013,K05645.01,9229807,1,5
7014,K05765.01,10130646,0,1
7015,K05766.01,10132552,0,2
7016,K05767.01,10132908,0,5
7017,K05768.01,10141271,0,3
7018,K05769.01,10146103,1,4
7019,K05770.01,10158715,0,5
7020,K05771.01,10161534,0,4
7021,K05392.01,7458433,0,2
7022,K05393.01,7458743,1,2
7023,K05394.01,7468295,0,5
7024,K05395.01,7516073,0,4
7025,K05396.01,7538450,0,3
7026,K05397.01,7539174,0,1
7027,K05398.01,7539277,1,4
7028,K05399.01,7550875,0,2
7029,K05519.01,8442463,0,3
7030,K05520.01,8474892,0,2
7031,K05521.01,8480642,0,2
7032,K05522.01,8482513,0,2
7033,K05523.01,8487777,0,2
7034,K05524.01,8495232,0,1
7035,K05525.01,8499922,0,5
7036,K05526.01,8505674,0,5
7037,K05897.01,11444772,1,2
7038,K05898.01,11444974,1,3
7039,K05899.01,11446961,1,5
7040,K05900.01,11453930,1,2
7041,K05901.01,11456256,1,3
7042,K05902.01,11457664,1,1
7043,K05903.01,11465658,1,1
7044,K05904.01,11465869,0,4
7045,K05905.01,11493378,1,3
7046,K05906.01,11506938,0,1
7047,K05907.01,11513366,1,3
7048,K05908.01,11513441,0,1
7049,K05909.01,11520114,1,5
7050,K05910.01,11520465,1,3
7051,K05911.01,11559493,1,4
7052,K05912.01,11598638,1,5
7053,K05913.01,11598894,1,5
7054,K05914.01,11599800,0,4
7055,K05915.01,11599937,1,1
7056,K05916.01,11600299,1,4
7057,K05917.01,11601425,1,3
7058,K05918.01,11601633,1,2
7059,K05919.01,11601972,1,1
7060,K05920.01,11603298,0,2
7061,K05921.01,11614808,1,3
7062,K05922.01,11615258,1,1
7063,K05923.01,11615521,1,4
7064,K05924.01,11616434,1,2
7065,K05925.01,11651240,1,4
7066,K05926.01,11652427,1,4
7067,K05927.01,11654039,0,1
7068,K05928.01,11674709,1,4
7069,K05929.01,11716643,1,3
7070,K05930.01,11722217,1,2
7071,K05931.01,11773174,1,1
7072,K05932.01,11803074,1,4
7073,K05933.01,11807906,1,4
7074,K05934.01,11811382,1,1
7075,K05935.01,11818566,1,5
7076,K05936.01,11819396,1,5
7077,K05937.01,11824578,1,1
7078,K05938.01,11860294,1,3
7079,K05939.01,11868941,1,3
7080,K05940.01,11905398,1,1
7081,K05941.01,11910670,1,2
7082,K05942.01,11911929,1,3
7083,K05943.01,11923213,1,3
7084,K05944.01,11924426,0,5
7085,K05945.01,11959893,1,5
7086,K05946.01,11966643,1,4
7087,K05947.01,11968514,0,3
7088,K05948.01,12007270,1,4
7089,K05949.01,12009917,1,5
7090,K05950.01,12020376,1,5
7091,K05951.01,12066767,1,4
7092,K05952.01,12071775,1,3
7093,K05953.01,12102775,1,1
7094,K05954.01,12105086,1,5
7095,K05955.01,12110901,1,5
7096,K05956.01,12121701,1,2
7097,K05957.01,12156805,0,2
7098,K05958.01,12165063,0,2
7099,K05959.01,12168895,1,3
7100,K05960.01,12170767,1,3
7101,K05961.01,12253490,1,2
7102,K05962.01,12257851,0,5
7103,K05963.01,12265150,0,5
7104,K05964.01,12300524,1,4
7105,K05965.01,12349560,1,1
7106,K05966.01,12350136,1,1
7107,K05844.01,10964747,0,5
7108,K05845.01,10967168,1,3
7109,K05846.01,10977671,1,2
7110,K05847.01,10978581,1,3
7111,K05848.01,10979952,1,3
7112,K05849.01,10989620,1,4
7113,K05850.01,10991389,1,1
7114,K05967.01,12401859,1,4
7115,K05968.01,12402588,1,2
7116,K05969.01,12405436,0,1
7117,K05970.01,12417572,0,2
7118,K05971.01,12418418,1,4
7119,K05972.01,12505590,1,2
7120,K05973.01,12506986,1,2
7121,K05851.01,10991431,1,5
7122,K05852.01,11021266,1,3
7123,K05853.01,11021676,1,5
7124,K05854.01,11026582,1,2
7125,K05855.01,11036168,1,1
7126,K05856.01,11037818,1,5
7127,K05857.01,11046723,1,2
7128,K05858.01,11046870,0,5
7129,K05974.01,12554212,1,5
7130,K05975.01,12645262,0,3
7131,K05976.01,12645761,0,1
7132,K05977.01,12690465,1,3
7133,K05978.01,12734110,1,5
7134,K05979.01,12735793,1,2
7135,K05980.01,12736658,0,4
7136,K05981.01,12835139,0,5
7137,K05859.01,11069681,1,1
7138,K05860.01,11072982,1,5
7139,K05861.01,11073238,0,3
7140,K05862.01,11076176,0,4
7141,K05863.01,11080702,1,5
7142,K05864.01,11082795,1,4
7143,K05865.01,11090561,0,3
7144,K05866.01,11090926,1,5
7145,K05867.01,11097752,1,2
7146,K05868.01,11098704,1,3
7147,K05869.01,11100170,1,3
7148,K05870.01,11129145,1,4
7149,K05871.01,11145391,1,1
7150,K05872.01,11145637,1,4
7151,K05873.01,11147785,1,3
7152,K05874.01,11152511,1,3
7153,K05875.01,11176166,1,3
7154,K05876.01,11182213,1,1
7155,K05877.01,11183752,1,2
7156,K05878.01,11191364,1,4
7157,K05879.01,11198419,1,3
7158,K05880.01,11199233,0,4
7159,K05881.01,11251991,1,2
7160,K05882.01,11298442,1,2
7161,K05883.01,11305417,1,4
7162,K05884.01,11338918,0,5
7163,K05885.01,11340218,1,1
7164,K05886.01,11341266,1,4
7165,K05887.01,11341314,0,3
7166,K05888.01,11348610,1,5
7167,K05889.01,11351454,1,3
7168,K05890.01,11355925,1,3
7169,K05891.01,11391512,1,4
7170,K05892.01,11393248,1,2
7171,K05893.01,11393633,1,2
7172,K05894.01,11401845,0,1
7173,K05895.01,11407847,1,1
7174,K05896.01,11414368,1,3
7175,K06178.02,8355178,1,4
7176,K06179.01,8374077,1,1
7177,K06180.01,8494783,1,1
7178,K06180.02,8494783,1,1
7179,K06181.01,8517303,0,3
7180,K06182.01,8590149,1,4
7181,K01608.03,10055126,1,2
7182,K06182.02,8590149,1,4
7183,K00492.02,3559935,1,5
7184,K03410.02,9285265,1,3
7185,K03440.02,3559860,1,5
7186,K03444.04,5384713,1,4
7187,K03456.02,6364582,1,3
7188,K03479.02,6525209,0,3
7189,K03503.02,6368175,1,4
7190,K03504.02,5471158,1,2
7191,K04568.02,10407086,1,2
7192,K04647.02,9947653,1,1
7193,K04657.02,6527078,1,5
7194,K04895.02,12416597,1,4
7195,K05982.01,2309587,0,4
7196,K05983.01,2445134,0,4
7197,K05984.01,3241344,0,3
7198,K05985.01,3347485,0,5
7199,K06093.02,2019477,1,3
7200,K06094.01,2161623,0,4
7201,K06095.01,2707097,0,5
7202,K06096.01,2719873,0,1
7203,K01015.03,8158127,1,2
7204,K06097.01,2852810,1,5
7205,K06097.02,2852810,1,5
7206,K06097.03,2852810,1,5
7207,K06183.01,8590780,0,1
7208,K06184.01,8613338,0,3
7209,K06185.01,8646141,0,2
7210,K06186.01,8653134,1,2
7211,K06187.01,8702921,0,3
7212,K06188.01,8822421,1,1
7213,K06189.01,8957954,0,3
7214,K06190.01,8984706,0,4
7215,K03748.02,4247807,0,2
7216,K03878.02,4472818,1,4
7217,K03954.02,8030339,1,3
7218,K00520.04,8037145,1,2
7219,K03956.02,5471059,0,1
7220,K04000.02,5471675,0,3
7221,K04009.02,8934103,1,5
7222,K04030.02,9551430,1,2
7223,K05986.01,3530668,0,4
7224,K05987.01,3532985,1,1
7225,K00600.02,10718726,1,4
7226,K05988.01,3831911,0,5
7227,K05989.01,3852258,0,1
7228,K05990.01,3858919,0,5
7229,K05991.01,3869326,0,3
7230,K05992.01,3971315,0,1
7231,K06097.04,2852810,1,5
7232,K06098.01,2997455,0,4
7233,K06099.01,3003991,0,3
7234,K06099.02,3003991,0,3
7235,K06100.01,3229028,0,2
7236,K06100.02,3229028,1,2
7237,K06101.01,3230787,0,1
7238,K01053.02,5956656,1,2
7239,K06191.01,9093086,1,1
7240,K01616.02,9015738,1,4
7241,K07859.01,7954278,1,3
7242,K06191.02,9093086,1,1
7243,K06192.01,9101400,0,2
7244,K06193.01,9119652,0,4
7245,K06194.01,9145861,1,3
7246,K06194.02,9145861,0,3
7247,K06195.01,9153823,1,2
7248,K04032.03,7100673,1,2
7249,K04032.04,7100673,1,2
7250,K04034.02,10089911,1,4
7251,K04046.02,4150496,0,2
7252,K04103.02,3747817,1,1
7253,K04131.02,6129694,0,3
7254,K00521.02,8162789,1,2
7255,K04181.02,9899315,0,3
7256,K05993.01,4037428,0,5
7257,K05994.01,4049124,0,2
7258,K05995.01,4275328,0,5
7259,K05996.01,4753561,0,5
7260,K05997.01,4912991,0,3
7261,K00649.02,5613330,1,4
7262,K05998.01,5036966,0,4
7263,K05999.01,5254230,0,4
7264,K06102.01,3545840,1,4
7265,K06103.01,3634051,1,5
7266,K07860.01,7967517,0,1
7267,K06103.02,3634051,1,5
7268,K06104.01,3761319,0,4
7269,K06104.02,3761319,0,4
7270,K06105.01,3762553,0,2
7271,K06106.01,3965879,0,5
7272,K06107.01,4035675,0,4
7273,K06196.01,9282687,0,5
7274,K06197.01,9289960,0,1
7275,K06198.01,9291629,0,2
7276,K06199.01,9304842,0,5
7277,K01628.03,6975129,1,2
7278,K06200.01,9304923,0,4
7279,K06201.01,9343862,0,1
7280,K06202.01,9389245,1,2
7281,K04192.02,9828127,1,3
7282,K04246.02,5177859,1,1
7283,K04287.02,11081504,1,4
7284,K04323.02,5385410,0,5
7285,K04385.02,3645438,1,2
7286,K07865.01,8110757,1,3
7287,K04385.03,3645438,1,2
7288,K04435.02,8278685,1,3
7289,K04541.02,5511659,1,4
7290,K06000.01,5385139,0,1
7291,K06001.01,5385150,0,3
7292,K06002.01,5385269,0,5
7293,K07872.01,8210370,0,4
7294,K06003.01,5385509,0,4
7295,K06004.01,5385566,0,1
7296,K06005.01,5385773,0,2
7297,K06006.01,5386163,0,5
7298,K06007.01,5470960,0,4
7299,K06108.01,4139254,1,5
7300,K06109.01,4144236,0,4
7301,K01082.04,10141900,1,4
7302,K06109.02,4144236,0,4
7303,K06110.01,4150701,0,4
7304,K06111.01,4255944,1,1
7305,K06112.01,4285087,0,2
7306,K06113.01,4346875,0,5
7307,K06203.01,9394605,0,4
7308,K06204.01,9471755,0,5
7309,K06205.01,9479460,0,3
7310,K06206.01,9549472,0,1
7311,K06207.01,9576197,0,4
7312,K07866.01,8110758,0,2
7313,K06208.01,9579860,0,4
7314,K06209.01,9655711,1,2
7315,K01839.02,5856571,1,3
7316,K07873.01,8222395,1,2
7317,K00651.02,5796186,0,2
7318,K06008.01,5471068,0,5
7319,K06009.01,5471192,0,4
7320,K06010.01,5471217,0,3
7321,K06011.01,5471769,0,2
7322,K06012.01,5471770,0,3
7323,K06013.01,5556804,0,2
7324,K06014.01,5597970,0,5
7325,K06114.01,4459068,0,2
7326,K07863.01,8107150,1,5
7327,K06115.01,4464394,1,2
7328,K06116.01,4547480,0,1
7329,K06118.01,4739229,1,4
7330,K06118.02,4739229,1,4
7331,K01250.02,8620565,1,3
7332,K06119.01,4740676,0,1
7333,K06120.01,4742420,1,4
7334,K06209.02,9655711,1,2
7335,K06210.01,9727765,1,2
7336,K06211.01,9767392,0,1
7337,K06212.01,9774400,0,2
7338,K06213.01,9839081,0,2
7339,K06214.01,9974142,0,2
7340,K06214.02,9974142,1,2
7341,K06215.01,10163066,0,5
7342,K03283.03,9008103,1,2
7343,K03741.03,8780959,1,2
7344,K03741.04,8780959,1,2
7345,K04260.02,7429287,0,3
7346,K04396.04,11296045,1,5
7347,K04777.02,6592335,0,1
7348,K04781.02,5951416,0,1
7349,K04913.02,5769810,1,1
7350,K06015.01,5643492,0,5
7351,K06016.01,5795648,0,2
7352,K06017.01,5961350,0,4
7353,K00736.03,10340423,0,3
7354,K06018.01,5979863,0,3
7355,K06019.01,6117415,0,5
7356,K06020.01,6128027,0,1
7357,K06021.01,6146418,0,3
7358,K06120.02,4742420,1,4
7359,K06121.01,4826439,0,3
7360,K06122.01,4933476,0,4
7361,K06123.01,4990977,0,3
7362,K06124.01,5034333,0,1
7363,K06125.01,5039441,0,4
7364,K07874.01,8231299,0,2
7365,K06126.01,5121173,0,1
7366,K06127.01,5306984,1,3
7367,K06216.01,10198662,1,3
7368,K06216.02,10198662,1,3
7369,K01860.04,4157325,1,3
7370,K06217.01,10200627,1,1
7371,K06218.01,10219361,0,2
7372,K06219.01,10228942,0,2
7373,K06220.01,10341878,0,2
7374,K06221.01,10357831,0,4
7375,K04567.02,8332521,1,1
7376,K06022.01,6150977,0,1
7377,K06023.01,6182019,0,4
7378,K06024.01,6191945,0,4
7379,K06025.01,6209347,0,3
7380,K06026.01,6268722,0,1
7381,K06027.01,6301030,0,2
7382,K00744.02,10480982,0,1
7383,K06028.01,6606934,0,1
7384,K07875.01,8242769,1,2
7385,K01310.02,10964440,1,5
7386,K06128.01,5385548,0,5
7387,K06129.01,5385778,0,1
7388,K06130.01,5428657,1,5
7389,K06131.01,5471617,0,1
7390,K06131.02,5471617,0,1
7391,K06132.01,5629353,1,4
7392,K06132.02,5629353,1,4
7393,K06222.01,10363233,0,5
7394,K06223.01,10385682,0,1
7395,K06224.01,10414727,1,4
7396,K06224.02,10414727,0,4
7397,K06225.01,10483644,0,1
7398,K01996.02,4736569,1,1
7399,K06226.01,10601549,0,1
7400,K06227.01,10614158,0,2
7401,K00099.02,8505215,0,5
7402,K00750.03,10662202,1,3
7403,K03283.02,9008103,1,2
7404,K06029.01,6614926,0,5
7405,K06030.01,6628237,0,5
7406,K06031.01,6694186,0,2
7407,K06032.01,6934587,0,5
7408,K06033.01,7219906,0,5
7409,K06034.01,7257373,0,2
7410,K06035.01,7295570,0,5
7411,K06036.01,7362852,0,4
7412,K06132.03,5629353,1,4
7413,K06133.01,5641294,0,4
7414,K06134.01,5738698,0,2
7415,K01319.02,4078157,1,4
7416,K06135.01,5768927,0,1
7417,K06136.01,5814635,0,3
7418,K06137.01,5816144,1,4
7419,K06137.02,5816144,0,4
7420,K06228.01,10717220,1,2
7421,K06229.01,10728219,0,3
7422,K06230.01,10735988,0,3
7423,K07867.01,8112324,0,4
7424,K06231.01,10971944,0,4
7425,K06232.01,10973583,0,5
7426,K06233.01,10989274,1,4
7427,K06234.01,11099351,0,2
7428,K06235.01,11147460,0,5
7429,K00750.04,10662202,0,3
7430,K00983.02,11607193,0,3
7431,K00989.04,10743597,0,1
7432,K02311.03,4247991,1,4
7433,K02433.06,11968463,1,3
7434,K02433.07,11968463,1,3
7435,K02533.03,11074835,1,2
7436,K07861.01,8042747,0,3
7437,K02768.03,9008737,0,4
7438,K06037.01,7373877,0,2
7439,K00841.04,5792202,1,2
7440,K06038.01,7436177,0,2
7441,K06039.01,7537945,0,5
7442,K06040.01,7624297,0,1
7443,K07864.01,8109692,0,2
7444,K06041.01,7695093,0,3
7445,K06042.01,7749318,0,4
7446,K06043.01,7777397,0,4
7447,K06138.01,5817566,0,3
7448,K06139.01,5952403,0,4
7449,K06141.01,6032730,1,2
7450,K06142.01,6116172,1,5
7451,K06142.02,6116172,1,5
7452,K06142.03,6116172,1,5
7453,K01330.02,4150539,0,3
7454,K06143.01,6182093,0,4
7455,K02012.02,9839821,1,3
7456,K06236.01,11252617,0,3
7457,K07876.01,8245108,0,2
7458,K06236.02,11252617,0,3
7459,K06237.01,11296437,0,5
7460,K06237.02,11296437,1,5
7461,K06238.01,11341164,1,4
7462,K06239.01,11462969,1,5
7463,K06239.02,11462969,1,5
7464,K06044.01,7830321,0,1
7465,K06045.01,7841986,0,1
7466,K06046.01,7877820,0,1
7467,K06047.01,7914906,0,4
7468,K00841.05,5792202,1,2
7469,K06048.01,8019043,0,2
7470,K06049.01,8023317,0,4
7471,K07868.01,8126531,0,4
7472,K06050.01,8121067,0,2
7473,K06144.01,6197038,0,1
7474,K06145.01,6221385,1,4
7475,K06145.02,6221385,1,4
7476,K06145.03,6221385,1,4
7477,K06146.01,6362386,0,4
7478,K07877.01,8260269,0,1
7479,K06147.01,6449358,0,4
7480,K06148.01,6593968,0,4
7481,K06149.01,6674908,0,5
7482,K06240.01,11516930,0,2
7483,K06241.01,11558882,0,3
7484,K06242.01,11656928,1,3
7485,K00353.03,11566064,1,5
7486,K07862.01,8042835,0,3
7487,K02081.02,2853780,0,2
7488,K06242.02,11656928,1,3
7489,K06242.03,11656928,1,3
7490,K06243.01,11673686,0,3
7491,K06051.01,8153568,0,4
7492,K06052.01,8167938,0,5
7493,K06053.01,8167978,0,2
7494,K06054.01,8168581,0,2
7495,K06055.01,8230809,0,4
7496,K06056.01,8364115,0,4
7497,K06057.01,8458207,0,3
7498,K00896.03,7825899,1,5
7499,K06150.01,6946681,1,5
7500,K01334.02,4150624,0,5
7501,K06151.01,6946708,1,5
7502,K06152.01,6967278,0,1
7503,K06153.01,7108433,0,5
7504,K06154.01,7119080,0,1
7505,K06155.01,7129465,0,1
7506,K06156.01,7174617,0,1
7507,K06244.01,11724210,0,4
7508,K06245.01,11775507,1,3
7509,K06245.02,11775507,1,3
7510,K06246.01,11856178,1,4
7511,K06247.01,11867071,0,4
7512,K06248.01,11975363,0,4
7513,K06249.01,12207117,0,5
7514,K02086.04,6768394,1,4
7515,K06058.01,8580438,0,3
7516,K06059.01,8581232,0,5
7517,K06060.01,8655458,0,2
7518,K06061.01,8695779,0,3
7519,K06062.01,8953059,0,3
7520,K06063.01,9048145,0,1
7521,K06064.01,9214712,0,5
7522,K06065.01,9214715,0,3
7523,K06157.01,7190639,0,2
7524,K06158.01,7198881,0,2
7525,K06158.02,7198881,0,2
7526,K06159.01,7422883,0,1
7527,K00337.02,10545066,1,4
7528,K01519.02,7663405,1,4
7529,K06160.01,7464205,0,5
7530,K06161.01,7622059,0,2
7531,K06250.01,12367464,0,2
7532,K06251.01,12470041,0,5
7533,K02163.03,11358389,1,1
7534,K02183.03,5706595,1,2
7535,K02184.02,12885212,1,5
7536,K07869.01,8179286,0,4
7537,K02194.03,3548044,1,1
7538,K02203.02,2581191,0,5
7539,K02209.02,8168187,1,1
7540,K06066.01,9221398,0,4
7541,K06067.01,9411317,0,2
7542,K00945.03,9605514,1,4
7543,K06068.01,9418619,1,4
7544,K06069.01,9532123,0,5
7545,K06070.01,9549471,0,1
7546,K06071.01,9649222,0,2
7547,K06072.01,9664215,0,5
7548,K06162.01,7750740,0,4
7549,K06163.01,7779942,0,3
7550,K06164.01,7835312,1,2
7551,K06164.02,7835312,0,2
7552,K06165.01,7838906,0,1
7553,K06166.01,7908367,1,3
7554,K06166.02,7908367,1,3
7555,K06167.01,7940533,0,2
7556,K02210.02,4142847,1,2
7557,K02281.02,9221517,1,4
7558,K00365.02,11623629,1,5
7559,K02327.02,10730703,1,5
7560,K02393.02,4665571,1,4
7561,K02404.02,6364215,0,1
7562,K02432.02,7047363,0,1
7563,K02450.02,7289317,1,3
7564,K06073.01,9714358,0,3
7565,K06074.01,9851123,0,2
7566,K06075.01,9966115,0,5
7567,K06076.01,10026458,0,5
7568,K06077.01,10139305,0,1
7569,K00266.02,7375348,1,5
7570,K00992.02,1432789,1,5
7571,K06078.01,10288922,0,5
7572,K01522.02,12266636,1,2
7573,K06168.01,7974634,1,5
7574,K07870.01,8182107,1,1
7575,K06168.02,7974634,1,5
7576,K06168.03,7974634,0,5
7577,K06169.01,8043882,0,3
7578,K06170.01,8058507,0,4
7579,K06171.01,8095099,0,3
7580,K06172.01,8163784,1,2
7581,K02610.02,2305866,1,3
7582,K02714.03,12206313,1,2
7583,K02719.02,5184911,1,3
7584,K02828.02,6436029,1,3
7585,K02869.02,7767162,1,5
7586,K00423.02,9478990,1,2
7587,K02871.03,10793172,1,1
7588,K02926.03,10122538,1,5
7589,K06079.01,10659313,0,5
7590,K06080.01,10710755,0,5
7591,K06081.01,10727668,0,5
7592,K06082.01,10735519,0,5
7593,K07871.01,8197767,0,3
7594,K06083.01,10935310,0,4
7595,K06084.01,11021252,0,5
7596,K06085.01,11404644,1,4
7597,K06086.01,11408935,0,4
7598,K06173.01,8165617,1,2
7599,K06174.01,8181016,0,3
7600,K06175.01,8197761,0,5
7601,K01541.02,4840513,0,1
7602,K06176.01,8223568,1,3
7603,K06176.02,8223568,1,3
7604,K06177.01,8265156,0,5
7605,K06178.01,8355178,1,4
7606,K02926.04,10122538,1,5
7607,K02971.02,4770174,1,4
7608,K03028.02,9838804,1,2
7609,K03088.02,9020114,1,2
7610,K03090.02,6609270,0,4
7611,K03214.02,7983117,1,5
7612,K03371.02,11125797,1,2
7613,K03401.02,9966219,1,2
7614,K00129.02,11974540,1,5
7615,K00238.03,7219825,1,5
7616,K00593.04,9958962,1,5
7617,K06087.01,11519226,0,3
7618,K00993.03,1718189,1,3
7619,K06088.01,11756821,0,1
7620,K06089.01,11769146,0,4
7621,K06090.01,11812199,0,5
7622,K07878.01,8263187,1,1
7623,K06091.01,11826400,0,5
7624,K06092.01,12010534,0,1
7625,K06093.01,2019477,1,3
7626,K03163.01,7116117,0,1
7627,K03169.01,7868092,0,5
7628,K03172.01,3337061,0,3
7629,K03173.01,9826171,0,5
7630,K03180.01,3936658,0,1
7631,K03181.01,4577484,0,2
7632,K03184.02,4735826,1,3
7633,K03186.01,5005618,0,1
7634,K03187.01,4663658,0,4
7635,K03191.01,10467815,0,5
7636,K03192.01,10847721,0,1
7637,K03195.01,10118942,0,5
7638,K03198.01,9471539,0,5
7639,K03199.01,5482603,0,2
7640,K03201.01,2305819,0,1
7641,K03207.01,9518710,1,2
7642,K03210.01,10284575,0,2
7643,K03215.01,3342952,0,1
7644,K03222.01,10338624,0,5
7645,K03228.01,5307990,0,3
7646,K03233.01,2142501,0,5
7647,K03235.01,2713018,0,4
7648,K03251.01,8413968,0,2
7649,K03283.01,9008103,0,2
7650,K03378.01,4376629,0,3
7651,K03381.01,3958301,0,5
7652,K03405.01,8211605,0,2
7653,K03406.01,11098573,0,3
7654,K03420.01,7289338,1,5
7655,K03442.01,9837586,0,1
7656,K03488.01,6021655,0,3
7657,K03507.01,8308682,0,1
7658,K00351.07,11442793,1,1
7659,K03764.01,3344427,0,3
7660,K03774.01,6205481,0,2
7661,K03829.01,4474637,0,5
7662,K03833.01,8435232,0,3
7663,K01231.02,6462874,0,3
7664,K01920.02,8218379,1,1
7665,K01992.03,11450414,1,3
7666,K03155.01,5217733,0,3
7667,K03156.01,4150611,0,2
7668,K03156.04,4150611,0,2
7669,K06618.01,5706592,1,5
7670,K06619.01,5716244,0,4
7671,K06620.01,5725851,0,2
7672,K06621.01,5731312,0,2
7673,K06622.01,5735878,0,4
7674,K06623.01,5736461,0,3
7675,K06624.01,5737869,0,2
7676,K06625.01,5771589,0,2
7677,K07882.01,8364232,1,3
7678,K06753.01,6670742,1,5
7679,K06754.01,6672229,0,3
7680,K06755.01,6676725,0,2
7681,K06756.01,6695622,0,5
7682,K06757.01,6695889,0,4
7683,K06758.01,6697716,0,1
7684,K06759.01,6697976,1,5
7685,K06760.01,6698670,0,5
7686,K06886.01,7541746,0,3
7687,K06887.01,7584778,0,1
7688,K06888.01,7588436,0,5
7689,K06889.01,7592529,1,1
7690,K06890.01,7592922,1,1
7691,K06891.01,7597703,0,3
7692,K06892.01,7602351,1,5
7693,K06893.01,7605600,0,5
7694,K07017.01,8312222,0,1
7695,K07018.01,8314801,0,5
7696,K07019.01,8316503,0,5
7697,K07020.01,8330575,0,4
7698,K07021.01,8345358,0,4
7699,K07022.01,8358008,0,2
7700,K07023.01,8362974,1,4
7701,K07024.01,8364119,0,2
7702,K07152.01,9278021,0,1
7703,K07153.01,9284741,0,5
7704,K07154.01,9286728,0,3
7705,K07155.01,9291368,0,2
7706,K07155.02,9291368,0,2
7707,K07156.01,9291748,0,3
7708,K07157.01,9301564,1,5
7709,K07158.01,9304561,0,1
7710,K07159.01,9328852,0,1
7711,K07283.01,10089123,1,5
7712,K07284.01,10091257,0,5
7713,K07285.01,10093664,0,1
7714,K07286.01,10095512,0,4
7715,K07287.01,10098534,0,4
7716,K07288.01,10129482,0,4
7717,K07289.01,10155080,0,3
7718,K07290.01,10156064,0,5
7719,K07894.01,8555967,1,3
7720,K07417.01,11198723,0,1
7721,K07418.01,11199725,0,5
7722,K07419.01,11200773,0,2
7723,K07420.01,11228612,0,4
7724,K07421.01,11232745,0,5
7725,K07422.01,11233911,0,3
7726,K07423.01,11234677,0,4
7727,K07424.01,11235323,0,5
7728,K04526.02,3765917,1,5
7729,K04535.02,3547760,1,4
7730,K04562.02,8652360,0,3
7731,K04598.02,5476671,0,4
7732,K04716.02,11290515,1,2
7733,K04766.02,4919550,0,1
7734,K04838.02,8216763,1,5
7735,K04871.02,6767227,1,4
7736,K04881.02,8094120,0,3
7737,K06368.01,3854496,1,3
7738,K06369.01,3858757,0,2
7739,K06370.01,3858767,0,5
7740,K06371.01,3858884,0,5
7741,K06372.01,3936061,1,4
7742,K06373.01,3938073,0,1
7743,K06374.01,3972391,0,5
7744,K06375.01,3972432,1,4
7745,K06376.01,3973002,0,1
7746,K06496.01,5025217,0,3
7747,K06497.01,5025234,0,3
7748,K06498.01,5025294,0,4
7749,K06499.01,5026187,0,4
7750,K06500.01,5031804,0,3
7751,K06501.01,5031882,0,2
7752,K06502.01,5036516,0,4
7753,K06503.01,5036530,0,1
7754,K06626.01,5781192,0,5
7755,K06627.01,5802285,0,1
7756,K06628.01,5802470,0,1
7757,K06629.01,5807579,0,1
7758,K06630.01,5809372,0,4
7759,K06631.01,5860347,1,1
7760,K06632.01,5871918,0,3
7761,K06633.01,5894825,0,3
7762,K07883.01,8374394,0,5
7763,K06761.01,6706287,0,4
7764,K06762.01,6715997,1,5
7765,K06763.01,6763884,1,4
7766,K06764.01,6766748,0,3
7767,K06765.01,6768616,1,4
7768,K06766.01,6774408,0,5
7769,K06767.01,6778289,0,2
7770,K06768.01,6781047,0,2
7771,K06769.01,6781535,0,4
7772,K07886.01,8440062,0,1
7773,K06894.01,7622072,0,4
7774,K06895.01,7630658,0,3
7775,K06896.01,7631194,0,1
7776,K06897.01,7662209,0,5
7777,K06898.01,7663804,0,5
7778,K06899.01,7668648,0,5
7779,K06900.01,7670485,0,3
7780,K06901.01,7670617,0,5
7781,K07025.01,8367298,0,3
7782,K07026.01,8374499,0,2
7783,K07027.01,8378656,0,2
7784,K07028.01,8378922,0,4
7785,K07029.01,8379547,0,3
7786,K07030.01,8381592,0,3
7787,K07031.01,8382339,0,5
7788,K07032.01,8394475,1,2
7789,K07033.01,8398290,0,3
7790,K07160.01,9328864,0,2
7791,K07161.01,9334490,0,1
7792,K07162.01,9340411,1,5
7793,K07163.01,9344623,0,1
7794,K07164.01,9353182,0,4
7795,K07165.01,9357275,0,3
7796,K07166.01,9357375,0,5
7797,K07167.01,9392702,0,3
7798,K07168.01,9394920,0,3
7799,K07891.01,8524110,0,1
7800,K07291.01,10163067,1,5
7801,K07292.01,10164018,0,2
7802,K07293.01,10189523,0,3
7803,K07294.01,10198109,0,5
7804,K07295.01,10208759,0,4
7805,K07296.01,10214328,0,5
7806,K07297.01,10215422,0,5
7807,K07298.01,10257903,0,5
7808,K07299.01,10258558,0,3
7809,K07425.01,11240948,0,5
7810,K07426.01,11241560,1,3
7811,K07427.01,11244571,1,2
7812,K07428.01,11250867,0,5
7813,K07429.01,11251058,0,4
7814,K07430.01,11282568,1,4
7815,K07431.01,11285625,0,1
7816,K07432.01,11286311,1,3
7817,K05076.02,4732015,0,4
7818,K00460.02,8043638,1,5
7819,K05875.02,11176166,1,3
7820,K06064.02,9214712,0,5
7821,K06065.02,9214715,0,3
7822,K06165.02,7838906,0,1
7823,K06252.01,1026032,0,4
7824,K06253.01,1293379,1,5
7825,K06377.01,3973504,0,3
7826,K06378.01,4042088,0,2
7827,K06379.01,4055092,0,3
7828,K06380.01,4067549,0,4
7829,K06381.01,4069063,0,2
7830,K06382.01,4069213,0,3
7831,K06383.01,4075064,0,3
7832,K06384.01,4076061,1,1
7833,K06385.01,4076952,0,1
7834,K06503.02,5036530,0,1
7835,K06504.01,5036538,0,1
7836,K06505.01,5038469,0,4
7837,K06506.01,5039687,0,4
7838,K06507.01,5042785,0,5
7839,K06508.01,5078879,0,4
7840,K06509.01,5080346,0,3
7841,K06510.01,5080652,0,1
7842,K06634.01,5894972,0,4
7843,K06635.01,5951140,1,1
7844,K06636.01,5952309,0,1
7845,K06637.01,5952457,0,4
7846,K06639.01,5962514,0,3
7847,K06640.01,5962716,0,5
7848,K06641.01,5966732,1,5
7849,K06642.01,5977541,0,5
7850,K06643.01,5977804,0,3
7851,K06770.01,6792124,0,2
7852,K06771.01,6804648,0,3
7853,K06772.01,6806632,0,4
7854,K06773.01,6841577,0,3
7855,K06774.01,6842345,1,1
7856,K06775.01,6852488,0,3
7857,K06776.01,6853172,1,1
7858,K06777.01,6859546,1,5
7859,K07887.01,8460634,0,1
7860,K06902.01,7671594,0,5
7861,K06903.01,7677005,0,2
7862,K06904.01,7687365,1,4
7863,K06905.01,7691527,0,3
7864,K06906.01,7695445,0,2
7865,K06907.01,7700500,1,1
7866,K06908.01,7700578,0,3
7867,K06909.01,7707736,0,3
7868,K06910.01,7733540,0,5
7869,K07034.01,8411947,0,5
7870,K07035.01,8414159,0,5
7871,K07036.01,8414216,0,3
7872,K07037.01,8415863,0,2
7873,K07038.01,8423903,0,4
7874,K07039.01,8429450,0,1
7875,K07040.01,8442795,1,2
7876,K07041.01,8443812,1,1
7877,K07042.01,8445775,0,2
7878,K07169.01,9397900,1,2
7879,K07170.01,9411943,0,4
7880,K07171.01,9412462,0,5
7881,K07172.01,9418994,0,5
7882,K07173.01,9451096,0,4
7883,K07174.01,9458266,1,4
7884,K07175.01,9466042,0,3
7885,K07176.01,9468296,0,2
7886,K07300.01,10264202,0,2
7887,K07301.01,10264293,1,3
7888,K07302.01,10268809,0,3
7889,K07303.01,10274244,0,4
7890,K07304.01,10275887,0,1
7891,K07305.01,10290021,1,1
7892,K07306.01,10290447,0,2
7893,K07307.01,10292465,0,4
7894,K07308.01,10294608,0,3
7895,K07433.01,11287726,0,5
7896,K07434.01,11288492,1,1
7897,K07435.01,11288772,1,1
7898,K07436.01,11295085,0,5
7899,K07437.01,11296724,1,1
7900,K07438.01,11350389,0,1
7901,K07439.01,11356602,0,3
7902,K07440.01,11358392,0,3
7903,K06254.01,1433531,0,3
7904,K06255.01,1717528,0,4
7905,K06256.01,1871483,1,3
7906,K06257.01,2012722,0,1
7907,K06258.01,2013883,0,1
7908,K06259.01,2161949,1,5
7909,K06259.02,2161949,1,5
7910,K06260.01,2162994,0,4
7911,K06261.01,2167444,0,5
7912,K06386.01,4078693,0,1
7913,K06387.01,4142768,0,5
7914,K06388.01,4149684,0,3
7915,K06389.01,4150703,0,5
7916,K06390.01,4157488,0,1
7917,K06391.01,4160669,0,3
7918,K06392.01,4171955,0,2
7919,K06393.01,4174507,0,2
7920,K06511.01,5083138,1,4
7921,K06512.01,5083252,0,3
7922,K06513.01,5087223,1,1
7923,K06514.01,5091075,0,5
7924,K06515.01,5091614,0,5
7925,K06516.01,5092799,1,4
7926,K06516.02,5092799,1,4
7927,K06517.01,5094301,0,3
7928,K06644.01,5983348,0,2
7929,K06645.01,5990753,0,2
7930,K06646.01,6019971,1,4
7931,K06647.01,6029130,0,2
7932,K06648.01,6035335,0,4
7933,K06649.01,6041511,0,4
7934,K06650.01,6042116,0,5
7935,K06651.01,6042663,0,5
7936,K06652.01,6044064,0,5
7937,K06778.01,6859813,0,3
7938,K06779.01,6863840,0,3
7939,K06780.01,6864569,0,5
7940,K06781.01,6864706,1,1
7941,K06782.01,6864859,0,4
7942,K06783.01,6867219,1,3
7943,K06784.01,6877673,0,2
7944,K06785.01,6877871,0,2
7945,K06786.01,6878408,1,5
7946,K06911.01,7741048,0,4
7947,K06912.01,7751562,0,3
7948,K06913.01,7755741,0,3
7949,K06913.02,7755741,1,3
7950,K06914.01,7769072,0,1
7951,K06915.01,7769815,0,2
7952,K06916.01,7777365,0,2
7953,K06917.01,7798259,0,2
7954,K07043.01,8453191,0,2
7955,K07044.01,8453324,0,3
7956,K07045.01,8479107,0,3
7957,K07046.01,8479386,0,4
7958,K07047.01,8488876,0,5
7959,K07048.01,8504570,0,3
7960,K07049.01,8509346,0,2
7961,K07050.01,8517433,0,3
7962,K07177.01,9474222,0,4
7963,K07178.01,9474969,0,4
7964,K07179.01,9480398,1,2
7965,K07180.01,9490342,1,4
7966,K07181.01,9509207,0,5
7967,K07182.01,9513168,1,1
7968,K07183.01,9520700,0,5
7969,K07184.01,9529294,0,1
7970,K00547.02,12116489,1,3
7971,K07309.01,10296163,0,5
7972,K07310.01,10330495,0,3
7973,K07311.01,10332789,0,2
7974,K07312.01,10340228,0,4
7975,K07313.01,10341787,0,5
7976,K07314.01,10342097,0,1
7977,K07315.01,10345862,0,5
7978,K07316.01,10346522,0,4
7979,K07317.01,10352603,0,3
7980,K07441.01,11359305,0,2
7981,K07442.01,11391181,0,3
7982,K07443.01,11401869,0,1
7983,K07444.01,11409698,0,3
7984,K07445.01,11411639,1,4
7985,K07446.01,11455795,0,3
7986,K07447.01,11457191,0,1
7987,K07448.01,11462556,0,4
7988,K06262.01,2283362,1,3
7989,K06263.01,2301068,1,1
7990,K06264.01,2305372,0,2
7991,K06265.01,2306740,0,1
7992,K06266.01,2308957,0,5
7993,K06267.01,2422820,1,5
7994,K06268.01,2437452,0,3
7995,K06269.01,2437804,0,4
7996,K06270.01,2438061,0,4
7997,K06394.01,4180396,0,5
7998,K06395.01,4245897,0,5
7999,K06396.01,4252226,0,5
8000,K06397.01,4261960,0,4
8001,K06398.01,4269252,0,4
8002,K06399.01,4274071,1,2
8003,K06400.01,4281895,0,5
8004,K06401.01,4282390,1,5
8005,K06518.01,5095269,0,3
8006,K06519.01,5097278,0,1
8007,K06520.01,5098757,0,2
8008,K06521.01,5111801,0,1
8009,K06522.01,5112198,0,5
8010,K06523.01,5113809,0,5
8011,K06524.01,5115178,0,3
8012,K06525.01,5115379,0,3
8013,K06526.01,5115688,1,2
8014,K06653.01,6045093,1,5
8015,K06654.01,6046311,0,3
8016,K06655.01,6048106,0,1
8017,K06656.01,6048255,0,5
8018,K06657.01,6057750,1,4
8019,K06658.01,6060580,0,2
8020,K06659.01,6063448,0,1
8021,K06660.01,6066107,0,4
8022,K07884.01,8391983,1,4
8023,K06787.01,6890618,0,5
8024,K06788.01,6925263,0,2
8025,K06789.01,6927629,0,1
8026,K06790.01,6929016,0,3
8027,K06791.01,6936977,0,1
8028,K06792.01,6939670,0,1
8029,K06793.01,6947623,1,4
8030,K06794.01,6947837,0,2
8031,K06795.01,6949550,0,3
8032,K06918.01,7811211,1,4
8033,K06919.01,7812893,1,1
8034,K06920.01,7816680,0,2
8035,K06921.01,7816935,1,1
8036,K06922.01,7838639,0,1
8037,K06923.01,7846730,0,5
8038,K06924.01,7847927,0,1
8039,K06925.01,7868967,1,2
8040,K07051.01,8526387,0,2
8041,K07052.01,8543278,0,1
8042,K07053.01,8552500,0,1
8043,K07054.01,8552540,0,4
8044,K07055.01,8553788,0,3
8045,K07056.01,8553907,0,5
8046,K07057.01,8559796,0,1
8047,K07058.01,8559863,0,1
8048,K07889.01,8489260,1,5
8049,K07185.01,9529856,0,4
8050,K07186.01,9536048,0,5
8051,K07187.01,9540450,0,2
8052,K07188.01,9540675,0,4
8053,K07189.01,9541163,0,3
8054,K07190.01,9541567,0,1
8055,K07191.01,9569866,0,2
8056,K07192.01,9579192,0,1
8057,K07892.01,8540376,1,4
8058,K07318.01,10363300,0,2
8059,K07319.01,10388451,1,1
8060,K07320.01,10396708,1,5
8061,K07321.01,10407047,0,2
8062,K07322.01,10407430,0,3
8063,K07323.01,10407464,0,4
8064,K07324.01,10417704,0,5
8065,K07325.01,10420279,0,3
8066,K07326.01,10422852,0,1
8067,K07449.01,11495989,1,3
8068,K07450.01,11499757,0,1
8069,K07451.01,11501774,0,1
8070,K07452.01,11502172,0,4
8071,K07453.01,11502179,0,5
8072,K07454.01,11506235,0,3
8073,K07455.01,11551652,1,1
8074,K07456.01,11560382,0,2
8075,K07457.01,11560431,0,4
8076,K06271.01,2438062,0,3
8077,K06272.01,2438517,0,1
8078,K06273.01,2442084,0,1
8079,K06274.01,2449245,1,5
8080,K06275.01,2450716,0,5
8081,K06276.01,2557350,1,3
8082,K06277.01,2557430,0,4
8083,K06278.01,2568971,0,5
8084,K06402.01,4284147,0,5
8085,K06403.01,4349935,0,1
8086,K06404.01,4352168,0,3
8087,K06405.01,4356621,0,2
8088,K06406.01,4357985,0,1
8089,K06407.01,4367544,0,3
8090,K06408.01,4372410,0,3
8091,K06409.01,4372620,1,2
8092,K06410.01,4372961,0,1
8093,K06527.01,5119143,0,3
8094,K06528.01,5125048,0,5
8095,K06529.01,5126627,0,3
8096,K06530.01,5130890,0,5
8097,K06531.01,5164794,0,4
8098,K06532.01,5171707,1,2
8099,K06533.01,5172274,0,3
8100,K06534.01,5174492,0,1
8101,K06661.01,6068947,0,5
8102,K06662.01,6103049,0,3
8103,K06663.01,6109688,0,2
8104,K06664.01,6111011,1,3
8105,K06665.01,6128141,0,3
8106,K06666.01,6128245,1,3
8107,K06667.01,6131659,0,3
8108,K06668.01,6146838,0,2
8109,K06796.01,6950275,0,3
8110,K06797.01,6953219,0,3
8111,K06798.01,6956176,1,1
8112,K06799.01,6962018,0,2
8113,K06800.01,6965293,0,3
8114,K06801.01,6967430,0,1
8115,K06802.01,7009828,0,2
8116,K06803.01,7025851,0,2
8117,K06926.01,7870250,0,4
8118,K06927.01,7871395,0,5
8119,K06928.01,7885518,0,1
8120,K06929.01,7885570,0,4
8121,K06930.01,7886329,0,3
8122,K06931.01,7902204,1,5
8123,K06932.01,7919653,0,3
8124,K06933.01,7938468,0,4
8125,K07059.01,8560861,0,3
8126,K07060.01,8565900,0,2
8127,K07061.01,8566113,1,5
8128,K07062.01,8569819,0,1
8129,K07063.01,8574270,0,4
8130,K07064.01,8581658,0,5
8131,K07065.01,8590527,0,1
8132,K07066.01,8604993,0,1
8133,K07067.01,8608490,0,4
8134,K07193.01,9579789,0,3
8135,K07194.01,9581498,0,1
8136,K07195.01,9588862,1,1
8137,K07196.01,9592855,0,1
8138,K07197.01,9596064,1,3
8139,K07198.01,9596187,0,1
8140,K07199.01,9596892,1,3
8141,K07200.01,9597095,0,4
8142,K07327.01,10450504,1,2
8143,K07328.01,10454401,0,1
8144,K07329.01,10462826,0,1
8145,K07330.01,10464199,1,3
8146,K07331.01,10468514,0,4
8147,K07332.01,10471113,0,1
8148,K07333.01,10481054,0,1
8149,K07334.01,10486425,0,3
8150,K07458.01,11560447,0,2
8151,K07459.01,11601357,0,1
8152,K07460.01,11602794,1,3
8153,K07461.01,11615481,0,1
8154,K07462.01,11616200,0,3
8155,K07463.01,11616631,0,2
8156,K07464.01,11616663,0,4
8157,K07465.01,11618798,0,4
8158,K06279.01,2570505,0,1
8159,K06280.01,2570767,0,5
8160,K06281.01,2571075,0,2
8161,K06282.01,2576692,0,1
8162,K06283.01,2580872,0,4
8163,K06284.01,2583777,0,3
8164,K06285.01,2693092,0,2
8165,K06286.01,2708156,0,4
8166,K06287.01,2708172,0,5
8167,K06411.01,4375101,0,4
8168,K06412.01,4380283,0,3
8169,K06413.01,4384793,0,3
8170,K06414.01,4445630,0,4
8171,K06415.01,4446411,0,2
8172,K06416.01,4454219,0,1
8173,K06417.01,4456622,0,1
8174,K06418.01,4482738,0,4
8175,K06419.01,4484312,0,2
8176,K06535.01,5174920,0,3
8177,K06536.01,5181455,0,1
8178,K06537.01,5193386,0,3
8179,K06538.01,5193439,1,4
8180,K06539.01,5196851,0,5
8181,K06540.01,5199978,0,5
8182,K06541.01,5211470,0,4
8183,K06542.01,5215508,1,4
8184,K06669.01,6147573,0,3
8185,K06670.01,6152521,0,2
8186,K06671.01,6185717,0,1
8187,K06672.01,6187508,1,2
8188,K06673.01,6205460,0,5
8189,K06674.01,6206751,0,3
8190,K06675.01,6207053,0,5
8191,K06676.01,6209225,1,3
8192,K06677.01,6220470,0,2
8193,K06804.01,7031132,0,5
8194,K06805.01,7031732,0,1
8195,K06806.01,7031767,0,2
8196,K06807.01,7031948,0,4
8197,K06808.01,7031992,0,1
8198,K06809.01,7032117,0,5
8199,K06810.01,7032174,0,1
8200,K06811.01,7032383,0,3
8201,K06934.01,7939761,1,1
8202,K06935.01,7943535,0,2
8203,K06936.01,7947631,0,4
8204,K06937.01,7950775,0,1
8205,K06938.01,7955301,0,4
8206,K06939.01,7960295,0,4
8207,K06940.01,7960547,0,5
8208,K06941.01,7967100,0,2
8209,K07068.01,8610483,0,3
8210,K07069.01,8613446,1,1
8211,K07070.01,8618226,0,4
8212,K07071.01,8621026,0,5
8213,K07072.01,8624860,1,3
8214,K07073.01,8625408,1,1
8215,K07074.01,8686442,1,2
8216,K07075.01,8690001,0,5
8217,K07076.01,8693536,1,5
8218,K07201.01,9597854,0,3
8219,K07202.01,9602431,0,1
8220,K07203.01,9602538,0,5
8221,K07204.01,9630640,0,4
8222,K07205.01,9635520,1,4
8223,K07206.01,9635529,0,1
8224,K07207.01,9637299,0,1
8225,K07208.01,9639106,1,5
8226,K07209.01,9640123,1,5
8227,K07335.01,10490960,0,4
8228,K07336.01,10491031,0,1
8229,K07337.01,10535807,0,4
8230,K07338.01,10535858,0,4
8231,K07339.01,10546063,1,5
8232,K07340.01,10547685,0,2
8233,K07341.01,10549576,0,3
8234,K07342.01,10552700,0,3
8235,K07466.01,11619964,0,1
8236,K07467.01,11650543,1,2
8237,K07468.01,11651105,0,4
8238,K07469.01,11662440,0,2
8239,K07470.01,11671646,1,4
8240,K07471.01,11672354,1,1
8241,K07472.01,11704044,0,4
8242,K07473.01,11706658,0,2
8243,K06288.01,2708445,0,1
8244,K06289.01,2708614,0,4
8245,K06290.01,2711114,0,4
8246,K06291.01,2716979,1,4
8247,K06292.01,2720354,0,3
8248,K06293.01,2834463,1,4
8249,K06294.01,2852560,0,3
8250,K06295.01,2856960,0,1
8251,K06420.01,4484356,0,1
8252,K06421.01,4489844,0,2
8253,K06422.01,4540632,0,4
8254,K06423.01,4544623,0,2
8255,K06424.01,4565985,0,4
8256,K06425.01,4567118,1,3
8257,K06426.01,4569590,0,2
8258,K06427.01,4574310,0,4
8259,K06428.01,4575824,0,5
8260,K06543.01,5216727,0,1
8261,K06544.01,5218014,0,1
8262,K06545.01,5255552,0,1
8263,K06546.01,5263167,1,2
8264,K06547.01,5266937,0,4
8265,K06548.01,5269407,0,1
8266,K06549.01,5271803,0,5
8267,K06550.01,5272571,0,5
8268,K06678.01,6228703,0,5
8269,K06679.01,6231401,0,5
8270,K06680.01,6265961,1,2
8271,K06681.01,6279823,0,4
8272,K06682.01,6283224,0,2
8273,K06683.01,6285094,0,5
8274,K06684.01,6285396,0,5
8275,K06685.01,6285397,0,2
8276,K06812.01,7032968,0,2
8277,K06813.01,7033713,0,4
8278,K06814.01,7033748,0,4
8279,K06815.01,7049486,0,5
8280,K06816.01,7050754,0,4
8281,K06817.01,7090801,0,4
8282,K06818.01,7097571,0,5
8283,K06819.01,7103300,1,2
8284,K06942.01,7970629,0,1
8285,K06943.01,7970760,0,4
8286,K06944.01,7971389,0,1
8287,K06945.01,7976136,0,3
8288,K06946.01,7976435,0,5
8289,K06947.01,7985167,0,2
8290,K06948.01,7987749,0,1
8291,K06949.01,8007675,1,5
8292,K07077.01,8700506,0,3
8293,K07078.01,8701327,0,5
8294,K07079.01,8711548,0,2
8295,K07080.01,8713828,0,5
8296,K07081.01,8719897,0,5
8297,K07082.01,8736245,0,1
8298,K07083.01,8738115,0,5
8299,K07084.01,8739209,0,5
8300,K07085.01,8746310,0,5
8301,K07210.01,9640921,0,3
8302,K07210.02,9640921,0,3
8303,K07211.01,9641031,0,4
8304,K07212.01,9641103,0,5
8305,K07213.01,9644411,0,4
8306,K07214.01,9644683,0,1
8307,K07215.01,9651602,1,4
8308,K07216.01,9652166,0,3
8309,K07343.01,10556578,0,1
8310,K07344.01,10583181,0,2
8311,K07345.01,10586619,1,2
8312,K07346.01,10592163,0,5
8313,K07347.01,10597164,0,2
8314,K07348.01,10601538,0,5
8315,K07349.01,10601579,0,4
8316,K07350.01,10613718,0,2
8317,K07895.01,8557246,0,4
8318,K07474.01,11709022,0,2
8319,K07475.01,11724091,0,1
8320,K07476.01,11757422,0,2
8321,K07477.01,11763910,0,5
8322,K07478.01,11768970,0,2
8323,K07479.01,11773625,1,3
8324,K07480.01,11775530,0,4
8325,K07481.01,11811454,0,5
8326,K07896.01,8560280,0,3
8327,K06296.01,2860594,0,3
8328,K06297.01,2860788,0,3
8329,K06298.01,2969638,0,5
8330,K06299.01,2970670,1,2
8331,K06300.01,2973509,0,1
8332,K06301.01,2994092,1,3
8333,K06302.01,2998124,0,4
8334,K06303.01,3098194,0,2
8335,K06429.01,4578594,0,3
8336,K06430.01,4587448,0,5
8337,K06431.01,4633434,0,2
8338,K06432.01,4661634,0,5
8339,K06433.01,4665989,0,1
8340,K06434.01,4671584,0,4
8341,K06435.01,4678171,0,1
8342,K06436.01,4681152,0,3
8343,K06437.01,4725292,0,5
8344,K07879.01,8297017,1,2
8345,K06551.01,5282656,0,4
8346,K06552.01,5284133,0,4
8347,K06553.01,5285607,0,5
8348,K06554.01,5286786,0,4
8349,K06555.01,5288543,0,5
8350,K06556.01,5294739,0,1
8351,K06557.01,5295206,1,5
8352,K06558.01,5298620,0,2
8353,K06559.01,5300878,0,1
8354,K06686.01,6292732,0,1
8355,K06687.01,6307000,1,2
8356,K06688.01,6311637,0,1
8357,K06689.01,6345758,1,2
8358,K06690.01,6364126,0,1
8359,K06691.01,6364195,0,4
8360,K06692.01,6364200,0,5
8361,K06693.01,6364247,0,2
8362,K06820.01,7105574,0,5
8363,K06821.01,7115200,0,3
8364,K06822.01,7115332,0,1
8365,K06823.01,7115463,0,2
8366,K06824.01,7115597,0,2
8367,K06825.01,7115878,0,5
8368,K06826.01,7116043,0,5
8369,K06827.01,7116226,0,3
8370,K06950.01,8008128,0,1
8371,K06951.01,8009500,0,3
8372,K06952.01,8013289,0,3
8373,K06953.01,8016214,0,3
8374,K06954.01,8016692,1,3
8375,K06955.01,8027902,0,1
8376,K06956.01,8039925,0,4
8377,K06957.01,8042644,1,3
8378,K06958.01,8081389,0,4
8379,K07086.01,8750094,0,1
8380,K07087.01,8758161,0,3
8381,K07088.01,8760760,1,2
8382,K07089.01,8767034,0,2
8383,K07090.01,8773948,0,2
8384,K07091.01,8784288,0,2
8385,K07092.01,8804358,0,1
8386,K07093.01,8807057,1,1
8387,K07890.01,8508493,0,4
8388,K07217.01,9652632,0,4
8389,K07218.01,9655424,0,5
8390,K07219.01,9657636,0,2
8391,K07220.01,9658089,1,2
8392,K07221.01,9665503,0,4
8393,K07222.01,9673173,0,5
8394,K07223.01,9674320,1,3
8395,K07224.01,9693803,1,4
8396,K07225.01,9711751,0,5
8397,K07351.01,10619109,0,1
8398,K07352.01,10646620,0,1
8399,K07353.01,10649230,0,3
8400,K07354.01,10659624,1,2
8401,K07355.01,10661913,0,5
8402,K07356.01,10661976,0,1
8403,K07357.01,10662021,0,1
8404,K07358.01,10665228,1,3
8405,K07897.01,8560927,0,4
8406,K07482.01,11817750,0,3
8407,K07483.01,11825996,1,4
8408,K07484.01,11854636,1,3
8409,K07485.01,11855538,0,5
8410,K07486.01,11858541,0,1
8411,K07487.01,11873166,0,5
8412,K07488.01,11873171,0,3
8413,K07489.01,11904704,1,3
8414,K06304.01,3102024,0,1
8415,K06305.01,3110937,0,3
8416,K06306.01,3115480,0,3
8417,K06307.01,3120320,0,2
8418,K06308.01,3127817,0,1
8419,K06309.01,3228740,0,5
8420,K06310.01,3230206,0,2
8421,K06311.01,3230227,0,4
8422,K06438.01,4729553,0,5
8423,K06439.01,4736208,0,5
8424,K06441.01,4737302,0,1
8425,K06442.01,4739194,0,5
8426,K06443.01,4739565,0,1
8427,K06444.01,4740688,0,5
8428,K06445.01,4753988,0,5
8429,K06446.01,4757331,0,5
8430,K06560.01,5301955,0,5
8431,K06561.01,5306862,0,5
8432,K06562.01,5307574,0,1
8433,K06563.01,5308778,0,3
8434,K06564.01,5310435,0,5
8435,K06565.01,5343976,0,1
8436,K06566.01,5347537,0,2
8437,K06567.01,5347784,0,3
8438,K06694.01,6364294,0,3
8439,K06695.01,6367439,0,3
8440,K06696.01,6367628,0,5
8441,K06697.01,6368222,1,5
8442,K06698.01,6372268,1,5
8443,K06699.01,6384840,0,5
8444,K06700.01,6386784,0,3
8445,K06701.01,6390236,0,1
8446,K06702.01,6421188,0,2
8447,K06828.01,7116236,0,5
8448,K06829.01,7117513,0,4
8449,K06830.01,7117541,0,3
8450,K06831.01,7118545,0,3
8451,K06832.01,7125636,0,3
8452,K06833.01,7128918,0,3
8453,K06834.01,7132015,0,1
8454,K06835.01,7135549,1,1
8455,K06959.01,8088354,0,4
8456,K06960.01,8091197,1,2
8457,K06961.01,8094140,0,1
8458,K06962.01,8094221,0,4
8459,K06963.01,8097825,0,2
8460,K06964.01,8098300,0,4
8461,K06965.01,8098515,0,1
8462,K06966.01,8098960,1,2
8463,K06967.01,8104436,0,3
8464,K07094.01,8815279,1,4
8465,K07095.01,8822585,0,3
8466,K07096.01,8823397,0,1
8467,K07097.01,8841616,0,3
8468,K07098.01,8845221,0,4
8469,K07099.01,8845552,1,5
8470,K07100.01,8848104,0,4
8471,K07101.01,8848115,0,5
8472,K07102.01,8868657,0,5
8473,K07226.01,9726452,1,4
8474,K07227.01,9762514,0,4
8475,K07228.01,9762519,0,1
8476,K07229.01,9777062,0,3
8477,K07230.01,9786821,0,1
8478,K07231.01,9790965,0,4
8479,K07231.02,9790965,1,4
8480,K07232.01,9811915,1,1
8481,K07233.01,9818732,0,5
8482,K07359.01,10665749,1,1
8483,K07360.01,10670112,1,4
8484,K07361.01,10680424,1,2
8485,K07362.01,10685175,0,5
8486,K07363.01,10686876,0,5
8487,K07364.01,10686930,0,2
8488,K07365.01,10711913,0,5
8489,K07366.01,10732401,0,3
8490,K07490.01,11906217,0,3
8491,K07491.01,11913052,0,3
8492,K07492.01,11913071,0,1
8493,K07493.01,11918482,0,2
8494,K07494.01,11922648,0,1
8495,K07495.01,11922782,0,2
8496,K07496.01,11923819,0,5
8497,K07497.01,11959569,0,2
8498,K07498.01,11966557,0,4
8499,K00126.02,5897826,1,1
8500,K01106.03,3240158,1,5
8501,K01110.02,2837111,1,5
8502,K06312.01,3241619,0,5
8503,K06313.01,3241662,0,2
8504,K06314.01,3245000,0,5
8505,K06315.01,3246867,1,3
8506,K06316.01,3247294,0,5
8507,K06317.01,3248332,0,5
8508,K06318.01,3249334,1,3
8509,K06319.01,3323289,0,3
8510,K06320.01,3324069,1,4
8511,K06447.01,4758350,0,3
8512,K06448.01,4758368,0,1
8513,K06449.01,4760959,1,3
8514,K06450.01,4764969,1,2
8515,K06451.01,4768756,0,4
8516,K06452.01,4769824,0,2
8517,K06453.01,4773155,0,2
8518,K06454.01,4830859,1,3
8519,K06455.01,4832273,0,1
8520,K06568.01,5353938,1,5
8521,K06569.01,5359678,0,2
8522,K06570.01,5380812,1,4
8523,K06571.01,5385469,0,5
8524,K06572.01,5385647,0,1
8525,K06573.01,5385667,0,1
8526,K06574.01,5388229,0,4
8527,K06575.01,5389184,0,2
8528,K06703.01,6421483,0,4
8529,K06704.01,6421937,0,2
8530,K06705.01,6423922,1,3
8531,K06706.01,6428942,0,1
8532,K06707.01,6436505,1,3
8533,K06708.01,6437993,0,5
8534,K06709.01,6442246,0,4
8535,K06710.01,6443392,0,5
8536,K06836.01,7137798,0,2
8537,K06837.01,7177553,0,3
8538,K06838.01,7177892,0,1
8539,K06839.01,7185487,0,1
8540,K06840.01,7198648,0,2
8541,K06841.01,7199935,0,4
8542,K06842.01,7200102,0,4
8543,K06843.01,7200225,0,5
8544,K07888.01,8488381,1,5
8545,K06968.01,8111622,0,5
8546,K06969.01,8112013,0,5
8547,K06970.01,8115647,1,1
8548,K06971.01,8120820,1,1
8549,K06972.01,8123170,0,4
8550,K06973.01,8123937,0,1
8551,K06974.01,8128965,0,2
8552,K06975.01,8129189,0,3
8553,K07103.01,8878681,0,5
8554,K07104.01,8879427,0,4
8555,K07105.01,8879915,0,3
8556,K07106.01,8881169,1,4
8557,K07107.01,8890996,0,4
8558,K07108.01,8906676,0,1
8559,K07109.01,8938628,0,2
8560,K07110.01,8940961,0,1
8561,K07111.01,8953278,1,4
8562,K07234.01,9821078,0,4
8563,K07235.01,9821428,1,5
8564,K07236.01,9837013,1,1
8565,K07237.01,9848420,0,3
8566,K07238.01,9850387,0,3
8567,K07239.01,9850912,0,5
8568,K07240.01,9852050,0,3
8569,K07241.01,9873869,0,3
8570,K07367.01,10736223,0,3
8571,K07368.01,10736489,1,1
8572,K07369.01,10743600,0,1
8573,K07370.01,10751908,1,3
8574,K07371.01,10753734,0,4
8575,K07372.01,10794242,0,5
8576,K07373.01,10794405,0,4
8577,K07374.01,10809677,0,3
8578,K07375.01,10812541,1,4
8579,K07499.01,11967004,0,1
8580,K07500.01,11968490,0,2
8581,K07501.01,11970288,0,3
8582,K07502.01,12004679,0,3
8583,K07503.01,12004680,0,2
8584,K07504.01,12004689,0,1
8585,K07505.01,12013615,0,2
8586,K07506.01,12016243,1,2
8587,K07507.01,12022517,0,5
8588,K01126.02,6307521,0,2
8589,K01347.02,7037540,0,1
8590,K01427.02,11129738,1,1
8591,K01574.04,10028792,1,5
8592,K01602.02,4860678,1,1
8593,K01681.04,5531953,1,3
8594,K01803.03,4349442,0,1
8595,K01840.02,7765528,1,5
8596,K06321.01,3327980,0,3
8597,K06322.01,3329643,0,2
8598,K06323.01,3335816,0,4
8599,K06324.01,3337438,0,2
8600,K06325.01,3337548,0,2
8601,K06326.01,3339538,0,5
8602,K06327.01,3341934,0,4
8603,K06328.01,3343866,0,4
8604,K06456.01,4839180,0,5
8605,K06457.01,4840263,0,1
8606,K06458.01,4840818,0,4
8607,K06459.01,4847832,0,5
8608,K06460.01,4851217,0,5
8609,K06461.01,4851338,0,2
8610,K06462.01,4851356,0,2
8611,K06463.01,4862332,0,3
8612,K06464.01,4862625,0,5
8613,K06576.01,5393558,0,4
8614,K06577.01,5397905,0,2
8615,K06578.01,5444392,0,1
8616,K06579.01,5456979,1,3
8617,K06580.01,5460835,0,2
8618,K06581.01,5462901,0,1
8619,K06582.01,5466109,1,3
8620,K06583.01,5471010,0,2
8621,K06711.01,6447326,0,3
8622,K06712.01,6448768,0,4
8623,K06713.01,6449291,0,1
8624,K06714.01,6449552,0,5
8625,K06715.01,6452742,0,5
8626,K06716.01,6464285,0,1
8627,K06717.01,6466939,0,4
8628,K06718.01,6468938,0,5
8629,K07885.01,8429014,0,4
8630,K06844.01,7200301,0,5
8631,K06845.01,7203179,0,1
8632,K06846.01,7203194,0,4
8633,K06847.01,7204073,0,1
8634,K06848.01,7212722,0,3
8635,K06849.01,7217088,1,2
8636,K06850.01,7280953,0,1
8637,K06851.01,7281217,0,3
8638,K06852.01,7281229,0,5
8639,K06976.01,8143170,0,2
8640,K06977.01,8145789,0,5
8641,K06978.01,8145958,1,2
8642,K06979.01,8155584,0,1
8643,K06980.01,8155654,1,4
8644,K06981.01,8158324,0,2
8645,K06982.01,8162376,0,3
8646,K06983.01,8167504,1,3
8647,K07112.01,8953281,0,1
8648,K07113.01,8953426,0,1
8649,K07114.01,8953475,0,5
8650,K07115.01,8957572,0,4
8651,K07116.01,8958811,1,2
8652,K07117.01,8958939,1,1
8653,K07117.02,8958939,1,1
8654,K07118.01,8973000,0,2
8655,K07242.01,9881258,0,2
8656,K07243.01,9899153,0,2
8657,K07244.01,9899193,0,3
8658,K07245.01,9899410,0,4
8659,K07246.01,9899421,0,2
8660,K07247.01,9899577,0,3
8661,K07248.01,9899583,0,4
8662,K07249.01,9906489,0,2
8663,K07376.01,10815677,1,3
8664,K07377.01,10816107,0,2
8665,K07378.01,10843431,1,4
8666,K07379.01,10847907,0,4
8667,K07380.01,10848097,1,4
8668,K07381.01,10849244,0,3
8669,K07382.01,10857589,0,1
8670,K07383.01,10866969,1,5
8671,K07508.01,12022718,0,3
8672,K07509.01,12053823,0,5
8673,K07510.01,12067960,1,1
8674,K07511.01,12071006,0,1
8675,K07512.01,12105785,0,3
8676,K07513.01,12106875,0,3
8677,K07514.01,12157983,0,2
8678,K07515.01,12164751,0,5
8679,K07516.01,12217907,0,5
8680,K01957.02,10028352,0,3
8681,K02050.02,6307083,1,1
8682,K02103.02,7620413,1,3
8683,K02199.02,11705004,1,2
8684,K02232.02,2854181,1,3
8685,K02321.02,5978559,1,2
8686,K02421.02,8838950,1,5
8687,K02439.02,6867555,1,2
8688,K02449.02,12208631,1,4
8689,K06329.01,3346543,1,1
8690,K06330.01,3352751,0,5
8691,K06331.01,3356193,1,2
8692,K06332.01,3427776,0,5
8693,K06333.01,3437739,0,4
8694,K06334.01,3440230,0,5
8695,K06335.01,3441340,0,4
8696,K06336.01,3448323,0,1
8697,K06464.02,4862625,0,5
8698,K06465.01,4863369,0,1
8699,K06466.01,4863753,0,4
8700,K06467.01,4902030,0,3
8701,K06468.01,4908495,0,3
8702,K06469.01,4912589,0,3
8703,K06470.01,4914709,0,5
8704,K06471.01,4914737,0,1
8705,K06584.01,5471141,0,1
8706,K06585.01,5471328,0,4
8707,K06586.01,5471415,0,5
8708,K06587.01,5471480,0,5
8709,K06588.01,5475712,0,4
8710,K06589.01,5479973,0,4
8711,K06590.01,5513822,0,5
8712,K06591.01,5513833,0,3
8713,K06719.01,6471229,0,5
8714,K06720.01,6471230,0,5
8715,K06721.01,6521174,0,4
8716,K06722.01,6521542,0,4
8717,K06723.01,6522353,0,4
8718,K06724.01,6522750,0,1
8719,K06725.01,6523216,0,3
8720,K06726.01,6531485,0,4
8721,K06727.01,6531801,0,1
8722,K06853.01,7281356,0,3
8723,K06854.01,7281399,0,2
8724,K06855.01,7281410,0,3
8725,K06856.01,7281616,0,4
8726,K06857.01,7281699,0,4
8727,K06858.01,7282008,0,2
8728,K06859.01,7285616,0,5
8729,K06860.01,7335514,1,4
8730,K06984.01,8178616,0,2
8731,K06985.01,8180290,1,2
8732,K06986.01,8183389,0,5
8733,K06987.01,8192861,0,4
8734,K06988.01,8193315,0,2
8735,K06989.01,8195877,0,5
8736,K06990.01,8196180,0,2
8737,K06991.01,8210721,0,3
8738,K07119.01,8977176,0,4
8739,K07120.01,9001468,0,2
8740,K07121.01,9005854,0,1
8741,K07122.01,9007918,0,4
8742,K07123.01,9007953,0,5
8743,K07124.01,9024857,0,3
8744,K07125.01,9025739,1,3
8745,K07126.01,9029486,0,3
8746,K07250.01,9906802,0,2
8747,K07251.01,9906841,0,4
8748,K07252.01,9909965,1,5
8749,K07253.01,9913481,0,5
8750,K07254.01,9913798,0,3
8751,K07255.01,9932197,1,2
8752,K07256.01,9934208,0,1
8753,K07257.01,9936698,0,1
8754,K07384.01,10867017,0,2
8755,K07385.01,10909274,0,5
8756,K07386.01,10920813,0,2
8757,K07387.01,10923260,0,4
8758,K07388.01,10924400,0,3
8759,K07389.01,10932270,1,3
8760,K07390.01,10936427,0,1
8761,K07391.01,10937609,0,1
8762,K07392.01,10965963,0,1
8763,K07517.01,12251779,0,2
8764,K07518.01,12268220,0,1
8765,K07519.01,12302391,0,3
8766,K07520.01,12304728,1,4
8767,K07521.01,12306808,0,1
8768,K07522.01,12351927,0,4
8769,K07523.01,12353633,0,3
8770,K07524.01,12353720,0,3
8771,K07898.01,8565912,0,1
8772,K02523.02,7778767,1,4
8773,K02564.02,9026749,1,1
8774,K02623.02,10916600,1,2
8775,K02636.02,6198182,1,3
8776,K00283.03,5695396,1,1
8777,K02756.02,6964929,1,3
8778,K02896.02,2853828,0,5
8779,K02918.02,7008149,0,4
8780,K06337.01,3458919,0,4
8781,K06338.01,3542573,0,4
8782,K06339.01,3543270,0,4
8783,K06340.01,3544678,0,1
8784,K06341.01,3545626,1,5
8785,K06342.01,3547178,1,2
8786,K06343.01,3548622,1,2
8787,K06344.01,3556742,0,4
8788,K06472.01,4917014,0,3
8789,K06473.01,4931073,0,1
8790,K06474.01,4932691,0,1
8791,K06475.01,4939265,1,2
8792,K06476.01,4940201,0,3
8793,K06477.01,4946680,0,1
8794,K06478.01,4947726,0,4
8795,K06479.01,4948863,0,2
8796,K07880.01,8308516,1,1
8797,K06592.01,5529501,0,3
8798,K06593.01,5529560,0,3
8799,K06594.01,5530881,0,3
8800,K06595.01,5534476,0,5
8801,K06596.01,5534702,0,5
8802,K06597.01,5535280,0,2
8803,K06598.01,5552808,1,2
8804,K06599.01,5553624,0,4
8805,K06600.01,5564082,1,5
8806,K06728.01,6543682,0,5
8807,K06729.01,6545018,0,2
8808,K06730.01,6548447,0,3
8809,K06731.01,6551106,1,3
8810,K06732.01,6584167,0,4
8811,K06733.01,6584278,1,3
8812,K06734.01,6590726,1,3
8813,K06735.01,6591789,0,5
8814,K06736.01,6593363,0,2
8815,K06861.01,7336754,0,2
8816,K06862.01,7345335,1,1
8817,K06863.01,7350067,1,4
8818,K06864.01,7362534,0,5
8819,K06865.01,7362632,0,5
8820,K06866.01,7365447,0,5
8821,K06867.01,7366036,0,2
8822,K06868.01,7366065,0,3
8823,K06992.01,8211521,0,3
8824,K06993.01,8227086,1,5
8825,K06994.01,8227464,1,4
8826,K06995.01,8229048,0,3
8827,K06996.01,8231877,0,1
8828,K06997.01,8234477,0,3
8829,K06998.01,8240109,0,3
8830,K06999.01,8240861,0,3
8831,K07127.01,9049010,0,5
8832,K07128.01,9083503,0,1
8833,K07129.01,9085039,1,5
8834,K07130.01,9093566,0,5
8835,K07131.01,9098590,0,2
8836,K07132.01,9098810,0,2
8837,K07133.01,9099773,1,2
8838,K07134.01,9101208,0,4
8839,K07258.01,9943009,1,3
8840,K07259.01,9944201,1,1
8841,K07260.01,9944421,0,2
8842,K07261.01,9945280,0,4
8843,K07262.01,9953736,0,4
8844,K07263.01,9958053,0,3
8845,K07264.01,9959093,1,1
8846,K07265.01,9963009,0,2
8847,K07893.01,8545603,0,3
8848,K07393.01,10976412,0,3
8849,K07394.01,10979716,0,2
8850,K07395.01,10982373,0,2
8851,K07396.01,10987439,0,1
8852,K07397.01,10989032,0,2
8853,K07398.01,10991989,0,2
8854,K07399.01,10992733,0,5
8855,K07400.01,11019739,1,4
8856,K07525.01,12356746,0,2
8857,K07526.01,12356914,0,5
8858,K07527.01,12365000,0,5
8859,K07528.01,12365015,0,3
8860,K07529.01,12367017,0,4
8861,K07530.01,12367310,0,2
8862,K07531.01,12403968,0,3
8863,K07532.01,12418662,0,5
8864,K07533.01,12418816,0,2
8865,K03019.02,8709688,1,1
8866,K03051.02,9959492,0,3
8867,K03053.02,2716801,1,5
8868,K03068.02,3230805,1,2
8869,K03344.03,11810124,1,5
8870,K03348.02,9349757,1,5
8871,K03395.02,3219037,1,3
8872,K03425.03,9117416,1,5
8873,K06345.01,3558803,0,1
8874,K06346.01,3634169,0,3
8875,K06347.01,3644174,0,4
8876,K06348.01,3655326,0,4
8877,K06349.01,3656322,0,4
8878,K06350.01,3656700,0,1
8879,K06351.01,3659940,0,3
8880,K06352.01,3663494,1,3
8881,K06480.01,4949027,0,5
8882,K06481.01,4949214,0,3
8883,K06482.01,4950341,0,1
8884,K06483.01,4950557,0,1
8885,K06484.01,4995716,1,2
8886,K06485.01,5000179,0,4
8887,K06486.01,5017058,0,2
8888,K06487.01,5018787,0,4
8889,K07881.01,8345473,0,4
8890,K06601.01,5597361,1,5
8891,K06602.01,5598639,0,1
8892,K06603.01,5610698,0,5
8893,K06604.01,5616489,0,4
8894,K06605.01,5617510,1,4
8895,K06606.01,5621294,0,4
8896,K06607.01,5621299,0,1
8897,K06608.01,5622250,0,3
8898,K06609.01,5632781,0,2
8899,K06737.01,6594972,0,1
8900,K06738.01,6595662,0,3
8901,K06739.01,6603765,1,3
8902,K06740.01,6606282,0,2
8903,K06741.01,6606669,0,1
8904,K06742.01,6607610,0,5
8905,K06743.01,6610219,0,4
8906,K06744.01,6610433,0,2
8907,K06869.01,7368103,0,5
8908,K06870.01,7369523,0,5
8909,K06871.01,7376982,0,3
8910,K06872.01,7381580,1,3
8911,K06873.01,7381695,0,1
8912,K06874.01,7385387,0,2
8913,K06875.01,7385478,0,5
8914,K06876.01,7421876,0,3
8915,K07000.01,8243263,0,2
8916,K07001.01,8244295,0,3
8917,K07002.01,8248103,1,2
8918,K07003.01,8256882,1,4
8919,K07004.01,8262223,0,3
8920,K07005.01,8265520,0,2
8921,K07006.01,8265990,0,5
8922,K07007.01,8283875,1,4
8923,K07135.01,9119405,0,1
8924,K07136.01,9150870,1,4
8925,K07137.01,9156957,0,5
8926,K07138.01,9159301,0,2
8927,K07139.01,9163674,0,2
8928,K07140.01,9164788,0,1
8929,K07141.01,9172506,0,5
8930,K07142.01,9179531,0,5
8931,K07266.01,9963639,0,1
8932,K07267.01,9965691,0,5
8933,K07268.01,9971475,0,5
8934,K07269.01,10000490,0,5
8935,K07270.01,10002049,1,4
8936,K07271.01,10014702,0,2
8937,K07272.01,10019854,1,2
8938,K07273.01,10020423,0,4
8939,K07401.01,11027270,0,4
8940,K07402.01,11027722,0,4
8941,K07403.01,11029877,0,4
8942,K07404.01,11068630,1,1
8943,K07405.01,11071207,0,1
8944,K07406.01,11073223,0,4
8945,K07407.01,11076279,0,3
8946,K07408.01,11092783,1,1
8947,K07409.01,11124509,0,3
8948,K07534.01,12454800,1,4
8949,K07535.01,12458817,1,4
8950,K07536.01,12470530,0,4
8951,K07537.01,12504353,0,3
8952,K07538.01,12506342,0,5
8953,K07539.01,12519942,1,3
8954,K07540.01,12555616,1,3
8955,K07541.01,12557713,0,2
8956,K02704.03,9730163,1,2
8957,K03461.02,2437112,0,4
8958,K03716.02,8719324,0,3
8959,K04006.02,5471690,0,3
8960,K04032.05,7100673,1,2
8961,K04084.02,3937814,1,4
8962,K04084.03,3937814,1,4
8963,K04157.02,4548098,1,5
8964,K04211.02,5078025,0,3
8965,K06353.01,3733638,1,5
8966,K06354.01,3746248,0,4
8967,K06355.01,3748855,1,5
8968,K06355.02,3748855,1,5
8969,K06356.01,3757588,0,4
8970,K06357.01,3764411,0,3
8971,K06358.01,3765692,1,1
8972,K06359.01,3766353,0,3
8973,K06488.01,5019567,0,4
8974,K06489.01,5021432,1,3
8975,K06490.01,5021732,0,4
8976,K06491.01,5022440,0,4
8977,K06492.01,5022900,0,3
8978,K06493.01,5024126,0,2
8979,K06494.01,5024268,0,3
8980,K06495.01,5024372,0,3
8981,K06610.01,5633259,1,5
8982,K06611.01,5647638,0,4
8983,K06612.01,5653126,0,1
8984,K06613.01,5686974,0,2
8985,K06614.01,5696909,0,3
8986,K06615.01,5697628,0,2
8987,K06616.01,5700330,0,5
8988,K06617.01,5702770,1,5
8989,K06745.01,6614748,1,5
8990,K06746.01,6628926,1,5
8991,K06747.01,6629156,0,5
8992,K06748.01,6629588,0,5
8993,K06749.01,6636020,0,4
8994,K06750.01,6664842,1,5
8995,K06751.01,6665064,1,1
8996,K06752.01,6670610,1,5
8997,K06877.01,7431665,0,2
8998,K06878.01,7447895,1,1
8999,K06879.01,7455553,0,5
9000,K06880.01,7456521,0,5
9001,K06881.01,7461314,0,3
9002,K06882.01,7461521,1,3
9003,K06883.01,7499571,0,5
9004,K06884.01,7537660,1,3
9005,K06885.01,7541502,0,4
9006,K07008.01,8285254,0,3
9007,K07009.01,8285970,0,4
9008,K07010.01,8288719,0,1
9009,K07011.01,8294484,0,4
9010,K07012.01,8296467,0,5
9011,K07013.01,8301013,0,5
9012,K07014.01,8302455,0,4
9013,K07015.01,8302473,0,1
9014,K07016.01,8311864,1,1
9015,K07143.01,9181340,0,4
9016,K07144.01,9203154,1,3
9017,K07145.01,9205993,0,3
9018,K07146.01,9207508,0,2
9019,K07147.01,9210828,0,5
9020,K07148.01,9221627,1,3
9021,K07149.01,9236858,0,4
9022,K07150.01,9243795,0,5
9023,K07151.01,9266285,0,1
9024,K07274.01,10026136,0,5
9025,K07275.01,10026457,0,1
9026,K07276.01,10031409,0,1
9027,K07277.01,10031526,0,2
9028,K07278.01,10031808,0,5
9029,K07279.01,10053138,1,2
9030,K07280.01,10063044,0,2
9031,K07281.01,10066755,1,1
9032,K07282.01,10070479,1,3
9033,K07410.01,11134079,0,2
9034,K07411.01,11137061,0,3
9035,K07412.01,11144439,0,5
9036,K00566.02,7119481,1,2
9037,K07413.01,11147276,0,4
9038,K07414.01,11154043,0,1
9039,K07415.01,11182260,1,2
9040,K07416.01,11187972,1,3
9041,K04288.03,4548011,0,1
9042,K04298.02,2852941,0,1
9043,K04301.02,8773015,1,4
9044,K04383.02,9883606,1,5
9045,K04417.02,9597729,0,4
9046,K04421.02,9836563,1,3
9047,K00416.04,6508221,1,2
9048,K04500.03,9100953,1,2
9049,K06360.01,3830820,0,2
9050,K06361.01,3831523,0,1
9051,K06362.01,3834364,0,5
9052,K06363.01,3836413,0,3
9053,K06364.01,3836439,0,5
9054,K06365.01,3838004,0,1
9055,K06366.01,3851134,0,3
9056,K06367.01,3851193,0,4
9057,K07604.01,9595956,0,5
9058,K07605.01,9655792,0,2
9059,K07606.01,9970396,0,5
9060,K07607.01,10079420,1,1
9061,K07608.01,10253638,0,4
9062,K07609.01,10267121,0,3
9063,K07610.01,10341777,0,5
9064,K07611.01,10407271,0,3
9065,K07612.01,10471167,0,2
9066,K07613.01,10471174,0,4
9067,K07614.01,10471345,0,5
9068,K07615.01,11296798,0,3
9069,K07616.01,11463950,0,3
9070,K07617.01,11559304,1,5
9071,K07618.01,11621897,0,2
9072,K07619.01,12253534,0,2
9073,K07620.01,12304202,0,5
9074,K03184.03,4735826,1,3
9075,K03230.02,9291039,0,2
9076,K04422.02,10155321,0,1
9077,K04524.03,5003670,1,3
9078,K04676.02,4953173,0,4
9079,K04782.02,8973285,1,4
9080,K04957.02,2861126,1,2
9081,K05270.02,6363560,0,2
9082,K05397.02,7539174,0,1
9083,K05447.02,7935997,1,3
9084,K05475.02,8105398,1,1
9085,K05801.02,10535708,0,4
9086,K05900.02,11453930,0,2
9087,K06117.01,4737267,0,3
9088,K06140.01,5955321,0,4
9089,K06143.02,6182093,0,4
9090,K06447.02,4758350,1,3
9091,K06464.03,4862625,1,5
9092,K01636.02,10621666,0,2
9093,K06541.02,5211470,0,4
9094,K06751.02,6665064,0,1
9095,K07542.01,3123418,0,5
9096,K07543.01,3458687,0,3
9097,K07544.01,3749508,0,1
9098,K07545.01,3955867,0,1
9099,K07546.01,3965201,1,2
9100,K07547.01,4074294,0,3
9101,K07548.01,4380560,0,1
9102,K07549.01,4384652,0,4
9103,K01829.02,7697568,0,1
9104,K07550.01,4483235,0,5
9105,K07551.01,4662363,0,2
9106,K07552.01,4680745,0,5
9107,K07553.01,4851195,0,5
9108,K07554.01,4862924,1,2
9109,K07555.01,5024414,0,2
9110,K07556.01,5177065,0,5
9111,K07557.01,5268955,0,2
9112,K07558.01,5271090,1,4
9113,K07559.01,5444276,1,4
9114,K07560.01,5598645,0,2
9115,K07561.01,5696518,0,3
9116,K07562.01,5878506,1,5
9117,K07563.01,5908086,0,5
9118,K07564.01,6307243,0,4
9119,K07565.01,6350522,0,2
9120,K07566.01,6385302,0,2
9121,K07567.01,6443274,1,1
9122,K07568.01,6508734,0,1
9123,K07569.01,6527050,0,3
9124,K02369.03,5602588,1,1
9125,K07570.01,6590362,0,5
9126,K07571.01,6628740,0,4
9127,K07572.01,6876575,1,4
9128,K07573.01,7031126,0,1
9129,K07574.01,7031208,0,4
9130,K07575.01,7031742,0,1
9131,K07576.01,7032568,0,5
9132,K07577.01,7032687,0,4
9133,K07578.01,7115384,0,4
9134,K07579.01,7116282,0,4
9135,K07580.01,7116859,0,2
9136,K07581.01,7133286,0,4
9137,K07582.01,7186259,0,3
9138,K07583.01,7214090,0,3
9139,K07584.01,7281694,0,2
9140,K07585.01,7362450,0,2
9141,K07586.01,8007262,0,5
9142,K07587.01,8096395,1,4
9143,K07588.01,8106973,0,1
9144,K07589.01,8168509,1,4
9145,K02859.05,10397751,1,4
9146,K07590.01,8258103,0,5
9147,K07591.01,8297319,1,1
9148,K07592.01,8423344,1,2
9149,K07593.01,8444868,1,3
9150,K07594.01,8579684,0,4
9151,K07595.01,8649876,0,3
9152,K07596.01,8682094,1,3
9153,K07597.01,8846809,0,2
9154,K07598.01,8868686,0,5
9155,K07599.01,9025662,0,5
9156,K02459.01,8572936,0,4
9157,K02937.01,9837578,0,2
9158,K02938.01,7821010,0,3
9159,K02939.01,5473556,0,1
9160,K03152.01,6504534,0,3
9161,K03153.01,6307062,0,4
9162,K00371.02,5652983,0,5
9163,K07600.01,9092897,0,4
9164,K07601.01,9246715,0,1
9165,K07602.01,9292130,0,2
9166,K07603.01,9541144,0,3
9167,K07903.01,8677057,1,3
9168,K07905.01,8702537,1,1
9169,K07911.01,8757213,0,5
9170,K07914.01,8880003,0,2
9171,K07916.01,8953296,0,1
9172,K07909.01,8749844,0,1
9173,K07917.01,8962007,0,3
9174,K07906.01,8703491,0,2
9175,K07920.01,9043947,1,3
9176,K07921.01,9079587,0,4
9177,K07907.01,8703506,0,4
9178,K07900.01,8590776,0,1
9179,K07912.01,8761550,0,4
9180,K07904.01,8686761,0,3
9181,K07913.01,8873450,1,2
9182,K07915.01,8880317,1,2
9183,K07910.01,8750503,0,1
9184,K07902.01,8639155,0,5
9185,K07919.01,9021047,0,5
9186,K07899.01,8587439,0,2
9187,K07908.01,8712863,0,2
9188,K07922.01,9079915,0,5
9189,K08199.01,10208894,0,5
9190,K08200.01,10214873,0,1
9191,K08201.01,10253977,1,5
9192,K08202.01,10268714,0,2
9193,K08203.01,10281311,0,4
9194,K08204.01,10341876,0,3
9195,K08205.01,10351947,1,4
9196,K07990.01,10160922,1,3
9197,K07991.01,10198225,1,3
9198,K07992.01,10214341,1,3
9199,K07993.01,10219288,0,3
9200,K07994.01,10226343,0,5
9201,K07995.01,10263598,0,1
9202,K07996.01,10266860,0,2
9203,K08097.01,4763020,0,5
9204,K08098.01,5128966,0,2
9205,K08099.01,5288744,0,2
9206,K08100.01,5305225,0,1
9207,K08101.01,5598216,0,3
9208,K08102.01,5637036,0,5
9209,K08103.01,5647008,0,1
9210,K08206.01,10385708,0,5
9211,K08207.01,10404545,0,5
9212,K08208.01,10425070,0,2
9213,K08208.02,10425070,0,2
9214,K08209.01,10461045,0,5
9215,K08210.01,10493253,0,3
9216,K08211.01,10515564,1,4
9217,K07997.01,10321927,0,1
9218,K07998.01,10321972,1,1
9219,K07999.01,10322797,0,1
9220,K08000.01,10331279,1,3
9221,K08002.01,10338529,0,4
9222,K08003.01,10340212,0,2
9223,K08004.01,10383729,0,3
9224,K08104.01,5709226,0,5
9225,K08105.01,5775090,0,1
9226,K08106.01,5791705,0,3
9227,K08107.01,5802205,1,2
9228,K08108.01,5812648,0,2
9229,K08109.01,5858919,1,3
9230,K08110.01,5872139,0,3
9231,K08212.01,10519701,0,3
9232,K08213.01,10664150,0,4
9233,K08214.01,10735575,0,2
9234,K08215.01,10753394,0,1
9235,K08216.01,10875937,0,5
9236,K08217.01,10907307,1,2
9237,K08218.01,11087662,0,3
9238,K08005.01,10389280,0,4
9239,K08006.01,10397315,0,3
9240,K08007.01,10403228,1,5
9241,K08008.01,10405224,0,5
9242,K08009.01,10405482,0,4
9243,K08010.01,10405546,0,1
9244,K08011.01,10407191,1,1
9245,K08111.01,5955197,1,3
9246,K08112.01,5955427,0,4
9247,K08113.01,5956977,0,2
9248,K08114.01,6043574,0,3
9249,K08115.01,6049470,0,4
9250,K08116.01,6105359,0,4
9251,K08117.01,6114140,1,4
9252,K08219.01,11099109,0,4
9253,K08220.01,11124353,0,2
9254,K08221.01,11338091,1,1
9255,K08222.01,11400356,0,1
9256,K08223.01,11446424,1,3
9257,K08224.01,11449696,0,3
9258,K08225.01,11456839,0,2
9259,K08012.01,10452252,1,1
9260,K08013.01,10462462,0,2
9261,K08014.01,10470882,0,1
9262,K08015.01,10470993,0,3
9263,K08016.01,10471005,0,5
9264,K08017.01,10471055,0,5
9265,K08018.01,10471204,0,4
9266,K08118.01,6119605,0,3
9267,K08119.01,6230649,0,1
9268,K08120.01,6286633,0,3
9269,K08121.01,6451125,0,3
9270,K08122.01,6507334,1,4
9271,K08123.01,6516529,0,4
9272,K08124.01,6521526,0,1
9273,K08226.01,11501492,0,1
9274,K08227.01,11558217,0,5
9275,K08228.01,11649292,0,5
9276,K08229.01,11760931,0,3
9277,K08230.01,11854061,0,2
9278,K08231.01,11868122,0,5
9279,K08232.01,11872364,1,5
9280,K08019.01,10471243,0,4
9281,K08020.01,10471296,0,5
9282,K08021.01,10535886,0,5
9283,K08022.01,10535897,0,5
9284,K08023.01,10535926,0,2
9285,K08024.01,10535991,0,2
9286,K08025.01,10536177,0,3
9287,K08125.01,6600492,0,4
9288,K08126.01,6685403,0,5
9289,K08127.01,6846544,0,1
9290,K08128.01,6848529,0,2
9291,K08129.01,6887321,0,4
9292,K08130.01,6953281,0,3
9293,K08131.01,7020168,0,1
9294,K08233.01,12012872,0,2
9295,K08234.01,12069319,0,5
9296,K08235.01,12121118,0,1
9297,K08236.01,12252732,0,1
9298,K08237.01,12554051,0,2
9299,K08238.01,12554485,1,1
9300,K08239.01,12555140,0,1
9301,K08026.01,10536241,1,1
9302,K08027.01,10614845,0,5
9303,K08028.01,10616829,0,5
9304,K08029.01,10686909,0,1
9305,K08030.01,10730250,0,4
9306,K08031.01,10790401,1,3
9307,K08032.01,10801951,0,4
9308,K08132.01,7049771,0,5
9309,K08133.01,7053328,0,1
9310,K08134.01,7106437,0,1
9311,K08135.01,7117050,0,1
9312,K08136.01,7185710,0,2
9313,K08137.01,7282872,0,1
9314,K08138.01,7340624,0,5
9315,K08240.01,12647110,0,5
9316,K08241.01,12647757,1,3
9317,K08242.01,3629119,1,3
9318,K08243.01,3662635,0,2
9319,K08244.01,3734501,0,3
9320,K08245.01,4169315,0,3
9321,K08246.01,4446859,1,1
9322,K07923.01,9084569,1,4
9323,K07924.01,9087580,1,5
9324,K07925.01,9099607,1,2
9325,K08033.01,10844823,1,3
9326,K08034.01,10862284,0,2
9327,K08035.01,10862759,1,2
9328,K08036.01,10877024,0,3
9329,K08037.01,10920281,1,2
9330,K08038.01,10920420,0,5
9331,K08039.01,11032748,1,5
9332,K08139.01,7622473,0,1
9333,K08140.01,7662744,0,2
9334,K08141.01,7686191,0,3
9335,K08142.01,7690521,0,2
9336,K08143.01,7747835,0,5
9337,K08144.01,7762886,0,1
9338,K08145.01,7811537,0,5
9339,K08247.01,4566999,0,5
9340,K08248.01,4569942,0,2
9341,K08249.01,4572728,1,5
9342,K08250.01,4772095,0,2
9343,K08251.01,4847801,0,3
9344,K08252.01,5026023,0,3
9345,K08253.01,5098334,1,2
9346,K07926.01,9101271,0,5
9347,K07927.01,9118340,0,1
9348,K07928.01,9142714,1,5
9349,K07929.01,9159198,0,5
9350,K07930.01,9210820,1,4
9351,K07931.01,9227215,1,4
9352,K07932.01,9278575,1,1
9353,K08041.01,11098004,0,3
9354,K08042.01,11135119,0,1
9355,K08043.01,11139682,1,1
9356,K08044.01,11145726,0,2
9357,K08045.01,11152950,0,1
9358,K08046.01,11182706,1,5
9359,K08047.01,11294822,1,5
9360,K08145.02,7811537,0,5
9361,K08146.01,7874976,0,5
9362,K08147.01,7888957,0,5
9363,K08148.01,7900114,0,1
9364,K08149.01,7936194,0,3
9365,K08150.01,7959310,0,2
9366,K08151.01,8012732,0,5
9367,K08254.01,5391407,0,1
9368,K08255.01,5468555,0,2
9369,K08256.01,5638699,0,5
9370,K08257.01,5683219,1,1
9371,K08258.01,5871116,0,3
9372,K08259.01,5956171,1,3
9373,K08260.01,6032318,0,3
9374,K07933.01,9347066,0,3
9375,K07934.01,9390228,1,1
9376,K07935.01,9392016,0,3
9377,K07937.01,9429631,0,2
9378,K07938.01,9469494,1,3
9379,K07939.01,9518558,0,3
9380,K07940.01,9521317,1,4
9381,K08048.01,11296205,1,2
9382,K08049.01,11348086,0,2
9383,K08050.01,11350634,1,2
9384,K08051.01,11357185,0,1
9385,K08052.01,11358305,1,3
9386,K08053.01,11392362,1,3
9387,K08054.01,11443757,1,5
9388,K08152.01,8028465,0,5
9389,K08153.01,8129641,0,1
9390,K08154.01,8226720,0,4
9391,K08155.01,8307354,0,1
9392,K08156.01,8439949,1,1
9393,K08157.01,8527297,1,4
9394,K08158.01,8588982,0,1
9395,K08261.01,6182508,0,3
9396,K08262.01,6195669,0,1
9397,K08263.01,6356506,1,4
9398,K08264.01,6583107,0,1
9399,K08265.01,6681618,0,3
9400,K08266.01,6946985,0,3
9401,K08267.01,7106438,0,1
9402,K07942.01,9529148,0,1
9403,K07943.01,9531850,0,1
9404,K07944.01,9541094,0,3
9405,K07945.01,9579753,0,5
9406,K07946.01,9588880,0,1
9407,K07947.01,9592831,0,1
9408,K07948.01,9602658,0,1
9409,K08055.01,11453349,1,1
9410,K08056.01,11560397,0,3
9411,K08057.01,11565903,0,1
9412,K08058.01,11601597,0,4
9413,K08059.01,11612241,0,4
9414,K08060.01,11661803,0,2
9415,K08060.02,11661803,0,2
9416,K08159.01,8608544,0,4
9417,K08159.02,8608544,1,4
9418,K08160.01,8618147,0,4
9419,K08161.01,8630840,0,1
9420,K08162.01,8683144,0,3
9421,K08163.01,8708961,1,5
9422,K08164.01,8740744,0,2
9423,K08268.01,7451315,0,3
9424,K08269.01,7751294,0,2
9425,K08270.01,7832787,1,4
9426,K08271.01,8008913,0,5
9427,K08272.01,8022520,1,1
9428,K08273.01,8108450,0,3
9429,K08274.01,8293631,0,5
9430,K07949.01,9604563,1,2
9431,K07950.01,9639021,0,1
9432,K07951.01,9640649,1,1
9433,K07952.01,9643210,0,3
9434,K07953.01,9650579,1,2
9435,K07954.01,9650762,1,1
9436,K07955.01,9651155,0,2
9437,K08061.01,11709006,0,1
9438,K08063.01,11714107,1,3
9439,K08064.01,11724094,0,3
9440,K08065.01,11774383,0,3
9441,K08066.01,11804952,0,1
9442,K08067.01,11819135,0,1
9443,K08068.01,11904835,1,2
9444,K08165.01,8742735,0,5
9445,K08166.01,8743244,0,3
9446,K08166.02,8743244,0,3
9447,K08167.01,8748435,0,1
9448,K08168.01,8766268,0,1
9449,K08169.01,8808064,0,4
9450,K08170.01,8813404,0,5
9451,K08275.01,8329346,1,5
9452,K08276.01,8637903,1,3
9453,K08277.01,8673511,1,2
9454,K08278.01,8873674,0,2
9455,K08279.01,9011955,1,1
9456,K08280.01,9159288,1,5
9457,K08281.01,9209808,0,1
9458,K07956.01,9656547,0,2
9459,K07957.01,9658192,0,4
9460,K07958.01,9710611,0,1
9461,K07959.01,9710626,0,3
9462,K07960.01,9710792,0,2
9463,K07961.01,9770983,0,4
9464,K07962.01,9777089,0,1
9465,K08069.01,11918793,0,1
9466,K08070.01,11922290,0,1
9467,K08071.01,11966668,0,1
9468,K08072.01,11967872,0,5
9469,K08073.01,12004656,0,1
9470,K08074.01,12008916,0,2
9471,K08075.01,12021943,0,5
9472,K08171.01,8815031,0,1
9473,K08172.01,8821936,0,1
9474,K08173.01,8832676,0,1
9475,K08174.01,8873873,1,2
9476,K08175.01,9075882,0,2
9477,K08176.01,9084832,0,2
9478,K08177.01,9093859,0,1
9479,K08282.01,9239670,0,1
9480,K08283.01,9388557,0,2
9481,K08284.01,9532997,0,5
9482,K08285.01,9536836,0,3
9483,K08286.01,9592621,1,5
9484,K08287.01,10010452,0,2
9485,K08288.01,10226420,0,1
9486,K07963.01,9777990,0,1
9487,K07964.01,9813678,0,4
9488,K07965.01,9826551,0,3
9489,K07966.01,9838537,0,3
9490,K07967.01,9838761,0,4
9491,K07968.01,9839062,0,4
9492,K07969.01,9851983,0,3
9493,K08076.01,12156930,1,5
9494,K08077.01,12266099,1,1
9495,K08078.01,12307496,1,2
9496,K08079.01,12419303,0,3
9497,K08080.01,12453855,0,2
9498,K08081.01,12459808,0,4
9499,K08082.01,12602999,1,3
9500,K08178.01,9114508,0,2
9501,K08179.01,9216810,0,1
9502,K08180.01,9268159,1,3
9503,K08181.01,9340460,0,3
9504,K08182.01,9409493,0,2
9505,K08183.01,9468848,1,3
9506,K08184.01,9649205,0,5
9507,K08289.01,10341781,0,1
9508,K08290.01,10459805,0,3
9509,K08291.01,10471090,0,4
9510,K08292.01,10532751,0,1
9511,K08293.01,10585887,0,1
9512,K08294.01,11867733,0,5
9513,K08295.01,11923074,0,1
9514,K07970.01,9873004,1,5
9515,K07971.01,9899216,0,2
9516,K07972.01,9899256,0,3
9517,K07973.01,9899345,1,3
9518,K07974.01,9899621,0,2
9519,K07975.01,9899623,0,4
9520,K07976.01,9906688,1,4
9521,K08083.01,12644020,0,5
9522,K08084.01,2010152,0,4
9523,K08085.01,2284957,1,5
9524,K08086.01,2712825,0,4
9525,K08087.01,3443582,0,3
9526,K08088.01,3533483,0,5
9527,K08089.01,3663850,1,5
9528,K08185.01,9771576,0,3
9529,K08186.01,9827094,0,5
9530,K08187.01,9837720,0,3
9531,K08188.01,9873604,0,2
9532,K08189.01,9874581,0,2
9533,K08190.01,9899449,0,3
9534,K08191.01,9962731,0,1
9535,K08296.01,12117215,0,1
9536,K08297.01,12168280,1,3
9537,K07977.01,9912977,0,5
9538,K07978.01,9938836,1,4
9539,K07979.01,9941425,0,1
9540,K07980.01,9959368,0,2
9541,K07981.01,9959765,0,3
9542,K07982.01,10011213,1,5
9543,K07983.01,10014875,0,4
9544,K08090.01,3954211,0,3
9545,K08091.01,4056579,0,2
9546,K08092.01,4276445,0,4
9547,K08093.01,4371172,0,2
9548,K08094.01,4557341,0,3
9549,K08095.01,4645492,0,2
9550,K08096.01,4738095,0,5
9551,K08192.01,10023069,0,1
9552,K08193.01,10028127,1,1
9553,K08194.01,10079317,0,3
9554,K08195.01,10079481,0,2
9555,K08196.01,10081899,0,1
9556,K08197.01,10199817,0,4
9557,K08198.01,10205598,0,4
9558,K07984.01,10031643,0,4
9559,K07985.01,10090151,0,2
9560,K07986.01,10128825,1,2
9561,K07987.01,10147276,0,1
9562,K07988.01,10155286,1,5
9563,K07989.01,10156110,0,4
